ASIN (parent),ASIN (child),Título,SKU,Sesiones: total,Sesiones - Total - B2B,Porcentaje de sesiones: total,Porcentaje de sesiones: total - B2B,Visitas: total,Visitas - Total - B2B,Porcentaje de visitas: total,Porcentaje de visitas - Total - B2B,Porcentaje de ofertas destacadas (Buy Box),Porcentaje de ofertas destacadas: B2B,Unidades encargadas,Unidades encargadas - B2B,Porcentaje de unidades por sesión,Porcentaje de sesiones de unidades - B2B,Ventas de productos encargados,Ventas de productos encargados: B2B,Total de artículos de un pedido,Total de artículos de un pedido - B2B
B09KJLG7BT,B08KW4BFZ9,CUPERINOX Jamonero Profesional | Soporte jamonero Tipo Gondola| Base de Corte para Usar con Cuchillo jamonero | Jamon iberico | Fabricado en España,2020CUP,"2,143",24,0.55%,0.30%,"3,103",36,0.57%,0.31%,98.72%,100.00%,253,3,11.81%,12.50%,"3.287,73 €","40,23 €",252,3
B0D4WK78XV,B0D4WK78XV,CUPERINOX Aceiteras para Aceite Usado | Grasera Acero Inoxidable 550ML con Filtro Metálico | Recipiente para Aceite Usado de Cocina y Grasa | Grasera Cocina Metálica 550ML 2Uds Metálico,22105y22106,"1,559",24,0.40%,0.30%,"2,334",49,0.43%,0.42%,98.65%,100.00%,223,2,14.30%,8.33%,"2.450,77 €","21,98 €",221,2
B0BGRT2BVV,B09G9WBKPG,Arcos Juego de 6 Cuchillos de Mesa Chuleteros Hoja 110 mm Negro 705500,705500(805109),"5,027",109,1.30%,1.35%,"7,737",188,1.41%,1.60%,44.76%,29.17%,214,7,4.26%,6.42%,"2.994,09 €","97,93 €",193,6
B08J488ZQG,B089QP6MYJ,Arcos Juego Cuchillos Carne | 6 Piezas | Cuchillos carne cuchillo chuleteros | cubiertos acero inoxidable | Hoja 110 mm | mango monobloque | aptos lavavajillas | Caja Envase Ecológico,815600_,"2,471",75,0.64%,0.93%,"3,982",122,0.73%,1.04%,98.83%,98.65%,212,11,8.58%,14.67%,"5.507,90 €","283,89 €",178,9
B08M7BMR2S,B08LNRV6N6,"Arcos Afiladores, Afilador de Cuchillos de Mano, Hecho de ABS + TPE, Rodillos Cerámico y Carburo, Color Blanco y Negro",610624_fbm,"1,464",28,0.38%,0.35%,"1,778",29,0.32%,0.25%,99.05%,93.75%,173,7,11.82%,25.00%,"2.316,55 €","90,68 €",158,6
B0DNNL2TZQ,B0DNN4J6Q8,"CUPERINOX Aceitera antigoteo cristal para Aceite de Oliva, Vinagre etc. A prueba de fugas, Aceitera cristal antigoteo tambien aceiteros cocina ideal para Ensaladas, BBQ, cooking oil container (125 ML)",22021,"1,716",48,0.44%,0.60%,"2,409",82,0.44%,0.70%,99.86%,100.00%,141,4,8.22%,8.33%,"1.317,53 €","37,40 €",135,4
B08MT437W9,B08MT437W9,Arcos Juego Cuchillos Cocina Profesionales| Cuchillos Cocina Profesional | 6 pzas | Cuchillos Acero Inoxidable Mango Negro | utensilios de cocina serie Niza | Apto lavavajillas,812900,"5,252",71,1.36%,0.88%,"6,983",109,1.27%,0.93%,99.06%,100.00%,114,0,2.17%,0.00%,"3.703,32 €","0,00 €",114,0
B07YM65C6J,B007TS6HMQ,ARCOS Pinza para Pescado Acero Inoxidable,605000_caja,540,17,0.14%,0.21%,762,18,0.14%,0.15%,85.01%,100.00%,114,14,21.11%,82.35%,"1.049,71 €","126,26 €",109,11
B09CL776WP,B09CL776WP,CUPERINOX® Cuchillos de Mesa Acero Inoxidable – Set 12 Cuchillos para Carne con Filo Dentado – Aptos Lavavajillas – Uso Diario y Profesional,15015,"1,334",72,0.34%,0.89%,"1,954",101,0.36%,0.86%,99.53%,100.00%,139,50,10.42%,69.44%,"2.342,93 €","847,25 €",92,27
B09NT4VRN7,B0812BKN39,Arcos Juego de Cuchillos Mondadores de 3 Piezas,859800_barras_arcos,"35,406",560,9.14%,6.94%,"48,790",781,8.89%,6.64%,3.85%,8.50%,93,8,0.26%,1.43%,"903,41 €","74,50 €",89,7
B0752X1ZCK,B07G77NN26,Arcos Cuchillos de Mesa - Caja de 12 uds Cuchillo Chuletero Cuchillo de Mesa - Hoja de Acero Inoxidable NITRUM 110 mm - Mango de Nylon - Color Negro (12 uds),803000_fmb,"1,820",48,0.47%,0.60%,"2,849",74,0.52%,0.63%,99.80%,100.00%,90,7,4.95%,14.58%,"2.231,10 €","175,93 €",88,6
B06XB92VRH,B00YU2ZWGG,CUPERINOX Cafetera Italiana Induccion Espresso Acero Inoxidable 10 Tazas,25034_fbm,"1,549",45,0.40%,0.56%,"2,527",102,0.46%,0.87%,99.74%,100.00%,86,2,5.55%,4.44%,"1.484,32 €","33,78 €",85,2
B09DYJY471,B08MTCRCT4,Arcos Juego Cuchillos Cocina Profesionales| Cuchillos Cocina Profesional | Cuchillos Acero Inoxidable Mango Negro | utensilios de cocina | cuchillo japones Santoku | lavavajillas (5 Piezas),816800fbm,"4,291",74,1.11%,0.92%,"5,914",96,1.08%,0.82%,98.06%,98.53%,84,7,1.96%,9.46%,"2.514,96 €","204,73 €",84,7
B0DNNL2TZQ,B0DNN57WC1,"CUPERINOX Aceitera de Cristal Antigoteo para Aceite de Oliva, Resistente y Fácil de Limpiar Gourmet Oil Collection (250 Ml)",22022,999,23,0.26%,0.29%,"1,403",35,0.26%,0.30%,100.00%,100.00%,89,1,8.91%,4.35%,"904,53 €","9,99 €",82,1
B08J488ZQG,B089QP6MYJ,Arcos Juego Cuchillos Carne | 6 Piezas | Cuchillos carne cuchillo chuleteros | cubiertos acero inoxidable | Hoja 110 mm | mango monobloque | aptos lavavajillas | Caja Envase Ecológico,815600_fba,"2,471",75,0.64%,0.93%,"3,982",122,0.73%,1.04%,98.83%,98.65%,95,0,3.84%,0.00%,"2.564,50 €","0,00 €",79,0
B09DYJY471,B08MTCRCT4,Arcos Juego Cuchillos Cocina Profesionales| Cuchillos Cocina Profesional | Cuchillos Acero Inoxidable Mango Negro | utensilios de cocina | cuchillo japones Santoku | lavavajillas (5 Piezas),816800,"4,291",74,1.11%,0.92%,"5,914",96,1.08%,0.82%,98.06%,98.53%,76,8,1.77%,10.81%,"2.276,55 €","239,92 €",73,8
B0DPKXM18X,B0DNQX2BZN,"CUPERINOX Soporte Jamonero Plegable | Jamonero Giratorio | Jamonero de Bambú con Cuchillo Profesional, Afilador y Funda para Jamón | Elite Collection",20270_fbm,"1,232",33,0.32%,0.41%,"2,086",53,0.38%,0.45%,99.79%,100.00%,70,5,5.68%,15.15%,"3.145,97 €","226,70 €",70,5
B0DNNKT1W2,B0DNNFJ5J7,"Cuperinox-Tetera de Cristal con Infusor para Té e Infusiones, Resistente al Calor y Compatible con Microondas ** - Infusion Prestige Collection (350 ml)",26110,"2,115",56,0.55%,0.69%,"2,952",89,0.54%,0.76%,99.66%,100.00%,93,34,4.40%,60.71%,"1.184,03 €","426,24 €",65,10
B0DNNKT1W2,B0DNNJPRXB,"Cuperinox-Tetera de Cristal con Infusor para Té e Infusiones, Resistente al Calor y Compatible con Microondas ** - Infusion Prestige Collection (550 ml)",26111,"1,484",40,0.38%,0.50%,"2,070",58,0.38%,0.49%,99.67%,100.00%,66,1,4.45%,2.50%,"1.067,60 €","15,99 €",65,1
B0DQV6381X,B0DQDQ1DB8,CUPERINOX Jamonero | Jamonero Giratorio | Tabla Cortar Jamon | Jamoneros Profesional | Jamonero Plegable | Tabla Jamon | Cortador de Jamon,SC_20270,"1,015",14,0.26%,0.17%,"1,711",21,0.31%,0.18%,99.80%,100.00%,60,0,5.91%,0.00%,"1.876,99 €","0,00 €",59,0
B08MT437W9,B08MT437W9,Arcos Juego Cuchillos Cocina Profesionales| Cuchillos Cocina Profesional | 6 pzas | Cuchillos Acero Inoxidable Mango Negro | utensilios de cocina serie Niza | Apto lavavajillas,812900fbm,"5,252",71,1.36%,0.88%,"6,983",109,1.27%,0.93%,99.06%,100.00%,59,6,1.12%,8.45%,"1.917,45 €","194,94 €",58,6
B095SDL23Y,B095SDL23Y,Arcos | cuchillos de mesa (6 ud) | cuchillos acero inoxidable con sierra cuchillo chuletero cuchillos chuleteros | Fabricado en España,813000,867,17,0.22%,0.21%,"1,263",26,0.23%,0.22%,99.64%,100.00%,65,1,7.50%,5.88%,"1.039,35 €","15,99 €",58,1
B0B3CWSDRQ,B00CF20V2I,ARCOS Chaira Afilador Manual Acero Carbono Cromado Negro 230 mm,278100_,513,17,0.13%,0.21%,776,21,0.14%,0.18%,83.33%,81.25%,54,4,10.53%,23.53%,"634,03 €","45,96 €",54,4
B0DNNL2TZQ,B0DNNF3839,"CUPERINOX Aceitera de Cristal Antigoteo para Aceite de Oliva, Resistente y Fácil de Limpiar Gourmet Oil Collection (1000 Ml)",22024_,573,19,0.15%,0.24%,820,26,0.15%,0.22%,99.86%,100.00%,53,4,9.25%,21.05%,"754,96 €","56,96 €",52,4
B084WYHN2S,B084WYHN2S,CUPERINOX Cuchillos Carne | Cuchillos Mesa | Cuchillos Chuleteros | Cuchillo Sierra | 100 mm | Acero Inoxidable | Cuchillos para mesa (Madera),13012,851,36,0.22%,0.45%,"1,168",44,0.21%,0.37%,56.74%,60.71%,56,8,6.58%,22.22%,"492,56 €","70,00 €",49,6
B08LVZCG23,B08LVZCG23,Arcos Juego de Cuchillos de Cocina Rosa | 3 pz | Cuchillo Chef para pelar Verduras | Edición Limitada | Solidaria,814500,"1,869",16,0.48%,0.20%,"2,567",24,0.47%,0.20%,99.24%,100.00%,51,0,2.73%,0.00%,"1.320,24 €","0,00 €",49,0
B08XYXJ173,B00J4L7FEU,Arcos Hachuela Macheta de Cocina Acero Inoxidable 160 mm,282404_us,782,21,0.20%,0.26%,"1,160",28,0.21%,0.24%,65.09%,60.00%,48,4,6.14%,19.05%,"1.185,36 €","95,96 €",48,4
B08M7BMR2S,B00I9XTLSC,ARCOS Afilador Profesional Manual Cerámica y Carbono Rojo-Negro,610600_2,"14,153",258,3.66%,3.20%,"19,829",371,3.61%,3.16%,2.57%,2.02%,47,0,0.33%,0.00%,"637,99 €","0,00 €",47,0
B09DYJY471,B08MQJCD2V,Arcos Juego Cuchillos Cocina Profesionales| Cuchillos Cocina Profesional | Cuchillos Acero Inoxidable Mango Negro | utensilios de cocina | cuchillo japones Santoku | lavavajillas (4 Piezas),816900fba,"1,142",16,0.29%,0.20%,"1,560",24,0.28%,0.20%,99.00%,100.00%,46,0,4.03%,0.00%,"1.195,54 €","0,00 €",46,0
B0DNNL2TZQ,B0DNN57WC1,"CUPERINOX Aceitera de Cristal Antigoteo para Aceite de Oliva, Resistente y Fácil de Limpiar Gourmet Oil Collection (250 Ml)",22022_,999,23,0.26%,0.29%,"1,403",35,0.26%,0.30%,100.00%,100.00%,54,9,5.41%,39.13%,"639,24 €","102,98 €",46,5
B098BLF7X6,B098BLF7X6,"Tradineur - Grasera metálica para pescado con filtro, aceitera con colador para conservación de aceite de acero inoxidable, recipiente para colar aceites - Ø 9 cm",22106_us,440,7,0.11%,0.09%,591,8,0.11%,0.07%,94.21%,100.00%,46,0,10.45%,0.00%,"344,54 €","0,00 €",45,0
B093313MH6,B093313MH6,Arcos | Cuchillo de deshuesar| Cuchillo deshuesador | cuchillo deshuesador jamón | cuchillo deshuesador (140 mm) Clásica| Envase Eco | cuchillo puntilla jamonero,256210,"1,150",14,0.30%,0.17%,"1,561",24,0.28%,0.20%,99.56%,100.00%,44,0,3.83%,0.00%,"783,74 €","0,00 €",44,0
B0CYTKGNPM,B0CW68KM18,Pelador de Cocina ARCOS - Hoja de Acero Inoxidable | Mango Ergonómico | Herramienta Versátil para Pelar Frutas y Verduras,607300,"1,851",47,0.48%,0.58%,"2,129",51,0.39%,0.43%,51.93%,86.21%,42,3,2.27%,6.38%,"329,65 €","23,55 €",42,3
B0DNNL2TZQ,B0DNNFGWNJ,"CUPERINOX Aceitera de Cristal Antigoteo para Aceite de Oliva, Resistente y Fácil de Limpiar Gourmet Oil Collection (500 Ml)",22023,466,27,0.12%,0.33%,648,41,0.12%,0.35%,100.00%,100.00%,45,0,9.66%,0.00%,"549,37 €","0,00 €",42,0
B09N7S17J6,B09D3YRGL9,"CUPERINOX Navaja Plegable Multiusos – Hoja de Acero Inoxidable 80 mm (Filo Liso + Serrado), Punta Rompevidrios, Apertura Rápida, Clip de Cinturón, Herramienta para Camping, Caza, Pesca y Supervivencia",30061_solo_navaja,976,16,0.25%,0.20%,"1,485",19,0.27%,0.16%,98.20%,100.00%,44,2,4.51%,12.50%,"375,00 €","13,96 €",41,1
B06XB92VRH,B00YU2YTTM,CUPERINOX Cafetera Italiana Induccion Espresso Acero Inoxidable 4 Tazas,25032_,882,22,0.23%,0.27%,"1,348",35,0.25%,0.30%,90.32%,87.50%,40,3,4.54%,13.64%,"613,22 €","42,96 €",40,3
B0DNNL2TZQ,B0DNN4J6Q8,"CUPERINOX Aceitera antigoteo cristal para Aceite de Oliva, Vinagre etc. A prueba de fugas, Aceitera cristal antigoteo tambien aceiteros cocina ideal para Ensaladas, BBQ, cooking oil container (125 ML)",22021_,"1,716",48,0.44%,0.60%,"2,409",82,0.44%,0.70%,99.86%,100.00%,39,4,2.27%,8.33%,"443,13 €","43,96 €",39,4
B09GSCQQF9,B07G77FNSF,"Arcos Serie Cuchillos de Mesa Caja 12 uds Cuchillo Postre, Hoja Serrada de Acero Inoxidable NITRUM de 105 mm, Mango Polipropileno Color crema (12 UDS)",370100_us,741,14,0.19%,0.17%,"1,029",20,0.19%,0.17%,99.13%,100.00%,42,5,5.67%,35.71%,"764,65 €","89,40 €",37,2
B08GSTDWTC,B08LVVQ3ZQ,"Arcos Serie Nova - Cuchillo para pelar, Acero Inoxidable NITRUM, Envase Ecológico, 3 colores Fucsia, Turquesa y Amarillo",703700_,801,20,0.21%,0.25%,"1,236",36,0.23%,0.31%,99.10%,100.00%,38,1,4.74%,5.00%,"398,79 €","10,49 €",36,1
B09GSBSHMP,B07JJGTQK4,Arcos Conjunto Cuchillos 3 piezas - Acero Inoxidable Nitrum y Hoja mm. Cuchillo cocina profesional cocinar. 590 gr. Mango ergonómico polioximetileno POM. Serie Universal. Mayor control. Color negro.,807410_,712,10,0.18%,0.12%,"1,181",12,0.22%,0.10%,85.21%,66.67%,34,1,4.78%,10.00%,"1.349,81 €","40,25 €",34,1
B09GSCQQF9,B07G77FNSF,"Arcos Serie Cuchillos de Mesa Caja 12 uds Cuchillo Postre, Hoja Serrada de Acero Inoxidable NITRUM de 105 mm, Mango Polipropileno Color crema (12 UDS)",370100_,741,14,0.19%,0.17%,"1,029",20,0.19%,0.17%,99.13%,100.00%,38,5,5.13%,35.71%,"693,50 €","91,25 €",31,4
B08NW1VQRT,B08NW1VQRT,CUPERINOX Navaja para Setas y Champiñones | Acero Inoxidable | Con Cepillo y Funda Incluida | Micológica,PE2181,246,5,0.06%,0.06%,366,8,0.07%,0.07%,97.56%,100.00%,41,0,16.67%,0.00%,"417,11 €","0,00 €",31,0
B09F9MH34D,B09F9MH34D,"Arcos Serie Cuchillos de Mesa Chuleteros, Mango de Polipropileno, Hoja 110 mm, Apto para Lavavajillas, Negro, 6 Piezas",805109_6piezas,633,12,0.16%,0.15%,915,16,0.17%,0.14%,99.22%,100.00%,37,2,5.85%,16.67%,"458,89 €","24,42 €",31,1
B0BGRT2BVV,B09G9WBKPG,Arcos Juego de 6 Cuchillos de Mesa Chuleteros Hoja 110 mm Negro 705500,805109_uss,"5,027",109,1.30%,1.35%,"7,737",188,1.41%,1.60%,44.76%,29.17%,31,2,0.62%,1.83%,"429,48 €","27,24 €",31,2
B0DPKXM18X,B0DNQRZ3BN,"CUPERINOX Soporte Jamonero Inoxidable Profesional con Base Antideslizante para Jamones y Paletas, Incluye Cuchillo | Jamoneros Elite Collection",20260_fbm,793,21,0.20%,0.26%,"1,116",25,0.20%,0.21%,99.80%,100.00%,31,0,3.91%,0.00%,"675,89 €","0,00 €",31,0
B08L8MV8XD,B005LR72SK,Arcos Juego de Cuchillos con Bloque Acero Inoxidable 6 piezas,136100_,"6,614",91,1.71%,1.13%,"9,664",118,1.76%,1.00%,11.86%,17.81%,30,1,0.45%,1.10%,"1.348,50 €","44,95 €",30,1
B09NT4VRN7,B0812BKN39,Arcos Juego de Cuchillos Mondadores de 3 Piezas,859800_,"35,406",560,9.14%,6.94%,"48,790",781,8.89%,6.64%,3.85%,8.50%,32,3,0.09%,0.54%,"321,84 €","26,03 €",30,2
B08JCVQ4QL,B08JCVQ4QL,"Arcos Series Niza - Juego de Cuchillos Cocina, 6 Piezas, Cuchillos Verduras 110 mm, + Cuchillo Mesa, Envase 100% Ecológico, Acero Inoxidable NITRUM",809400,"1,250",23,0.32%,0.29%,"1,750",32,0.32%,0.27%,99.67%,100.00%,32,3,2.56%,13.04%,"549,78 €","50,67 €",30,3
B0C4DTYRJW,B071LGMMGV,Arcos Juego Cuchillos Cocina Profesionales| Cuchillos Cocina Profesional Set Cuchillos | Mango Negro (3 Piezas),862600_,"1,793",26,0.46%,0.32%,"2,524",30,0.46%,0.26%,99.69%,100.00%,29,1,1.62%,3.85%,"986,11 €","33,79 €",28,1
B089MW6B1B,B078JNZS9T,Arcos Estuche de 3 Cuchillos Básicos de Cocina. Pack de Cuchillos con Hoja de Acero Inoxidable y Mango de Polieximetileno Aptos para Lavavajillas. Serie Universal. Color Negro,807400_us,"3,590",95,0.93%,1.18%,"5,296",133,0.97%,1.13%,29.91%,34.07%,28,3,0.78%,3.16%,"1.133,72 €","121,47 €",28,3
B089M821V5,B089M821V5,Arcos Cuchillos Carne | 6 pzas | Cuchillos chuleteros Set Cuchillo de Mesa Sierra | Mango Madera | Hoja 110 mm | Cuchillos Carne Mesa | Apto lavavajillas | Envase Carton | Ecologico,815500,"1,429",21,0.37%,0.26%,"1,969",26,0.36%,0.22%,98.43%,100.00%,37,3,2.59%,14.29%,"954,63 €","74,97 €",28,2
B017HKRCGK,B005LR7A1Y,ARCOS Bolsa para Cuchillos 100% Poliéster 460x275 mm,690200_,"2,045",45,0.53%,0.56%,"3,270",64,0.60%,0.54%,14.91%,15.69%,51,26,2.49%,57.78%,"722,29 €","357,50 €",27,3
B0CYTKGNPM,B0843Q6L5P,ARCOS Pelador Profesional Acero Inoxidable Cromado 130 mm,607000_etq,"4,312",147,1.11%,1.82%,"6,541",232,1.19%,1.97%,1.35%,4.86%,27,0,0.63%,0.00%,"168,86 €","0,00 €",26,0
B09DYJY471,B08MQJCD2V,Arcos Juego Cuchillos Cocina Profesionales| Cuchillos Cocina Profesional | Cuchillos Acero Inoxidable Mango Negro | utensilios de cocina | cuchillo japones Santoku | lavavajillas (4 Piezas),816900,"1,142",16,0.29%,0.20%,"1,560",24,0.28%,0.20%,99.00%,100.00%,26,1,2.28%,6.25%,"675,31 €","25,99 €",26,1
B0DNNKT1W2,B0DNNJPGTY,"Cuperinox-Tetera de Cristal con Infusor para Té e Infusiones, Resistente al Calor y Compatible con Microondas ** - Infusion Prestige Collection (750 ml)",26112,732,18,0.19%,0.22%,976,26,0.18%,0.22%,99.65%,100.00%,27,0,3.69%,0.00%,"461,79 €","0,00 €",26,0
B0714CRSCQ,B0714CRSCQ,Arcos Cuchillo Mondador Negro 100 mm,150300,456,16,0.12%,0.20%,697,20,0.13%,0.17%,67.61%,8.33%,30,0,6.58%,0.00%,"314,70 €","0,00 €",25,0
B07F9GQZCB,B07F9GQZCB,Arcos Cuchillo para Verduras de 4 Pulgadas con Hoja de 105mm en Acero Inoxidable y Mango de Madera. Cuchillo para Vegetales Apto para Lavavajillas. Serie Latina. Color Marrón,100500,518,11,0.13%,0.14%,816,13,0.15%,0.11%,98.56%,100.00%,27,1,5.21%,9.09%,"998,73 €","36,99 €",25,1
B09381N96H,B07G75XCXM,"Arcos Serie Cuchillos de Mesa Caja 12 uds Cuchillo Mesa, Hoja Serrada de Acero Inoxidable NITRUM de 125 mm, Mango Polipropileno Color crema (12 UDS)",370200_fbm,436,11,0.11%,0.14%,666,17,0.12%,0.14%,99.48%,100.00%,27,0,6.19%,0.00%,"539,73 €","0,00 €",25,0
B0752X1ZCK,B07G77NN26,Arcos Cuchillos de Mesa - Caja de 12 uds Cuchillo Chuletero Cuchillo de Mesa - Hoja de Acero Inoxidable NITRUM 110 mm - Mango de Nylon - Color Negro (12 uds),803000,"1,820",48,0.47%,0.60%,"2,849",74,0.52%,0.63%,99.80%,100.00%,26,1,1.43%,2.08%,"753,74 €","28,99 €",25,1
B0DNNKT1W2,B0DNNFJ5J7,"Cuperinox-Tetera de Cristal con Infusor para Té e Infusiones, Resistente al Calor y Compatible con Microondas ** - Infusion Prestige Collection (350 ml)",26110_,"2,115",56,0.55%,0.69%,"2,952",89,0.54%,0.76%,99.66%,100.00%,28,0,1.32%,0.00%,"419,72 €","0,00 €",25,0
B07N8S366Z,B07N8S366Z,Arcos Cuchillo Cocina Forjado en Acero Inoxidable. Hoja Plateada 210 mm. Cuchillo Chef con Mango Profesional Micarta y Borde de Seda Especial. Serie Brooklyn. Color Azul.,190623_,"2,181",28,0.56%,0.35%,"2,876",44,0.52%,0.37%,92.81%,88.46%,25,3,1.15%,10.71%,"1.126,11 €","131,85 €",24,2
B08G8QCM5H,B08G8QCM5H,ARCOS cuchillo pelador | 6 PIEZAS | cuchillo de pelar | cuchillos pelar patatas | Hoja 100 mm | Negro | cuchillo arcos pelador Acero Inoxidable,816500_fbm,"2,255",33,0.58%,0.41%,"2,960",38,0.54%,0.32%,99.96%,100.00%,27,4,1.20%,12.12%,"436,03 €","67,11 €",24,3
B08M99RZRV,B08M99RZRV,Arcos | Cuchillo Jamonero Cuchillo deshuesador | 2 Uds | Set cuchillos jamoneros 250 mm y cuchillo deshuesador (140 mm) jamonero profesional | cuchillo carnicero profesional | Eco,703800,"1,239",17,0.32%,0.21%,"1,559",24,0.28%,0.20%,99.58%,100.00%,24,3,1.94%,17.65%,"959,76 €","119,97 €",24,3
B0C4DTYRJW,B094QVHPQ8,Arcos Juego Cuchillos Cocina Profesionales| Cuchillos Cocina Profesional Set Cuchillos | Mango Negro (4 Piezas),813500FBM,"1,516",18,0.39%,0.22%,"1,990",24,0.36%,0.20%,96.34%,100.00%,29,6,1.91%,33.33%,"1.003,95 €","227,70 €",24,1
B08GSTDWTC,B08LVVQ3ZQ,"Arcos Serie Nova - Cuchillo para pelar, Acero Inoxidable NITRUM, Envase Ecológico, 3 colores Fucsia, Turquesa y Amarillo",703700fbm,801,20,0.21%,0.25%,"1,236",36,0.23%,0.31%,99.10%,100.00%,24,1,3.00%,5.00%,"288,36 €","11,99 €",23,1
B08G8QCM5H,B08G8QCM5H,ARCOS cuchillo pelador | 6 PIEZAS | cuchillo de pelar | cuchillos pelar patatas | Hoja 100 mm | Negro | cuchillo arcos pelador Acero Inoxidable,816500_,"2,255",33,0.58%,0.41%,"2,960",38,0.54%,0.32%,99.96%,100.00%,24,2,1.06%,6.06%,"456,07 €","38,29 €",22,2
B08T5Z4HFS,B08QYQYZHS,"CUPERINOX Cubiertos para marisco | Pinzas para marisco | Tenazas para marisco | 12 Unidades | Cubiertos marisco (Cangrejo, Langosta, Ostras) | Tenedor de marisco con dos dientes inferiores y cuchara.",20023_12pzs,188,8,0.05%,0.10%,271,15,0.05%,0.13%,98.37%,100.00%,25,3,13.30%,37.50%,"430,77 €","54,02 €",22,3
B0D73CM824,B0D73CM824,"Arcos Cuchillo Mesa | Cuchillo Chuletero | Cuchillo Carne| Cuchillo de Mesa | Pack 12 Unidades| Hoja de Acero Inoxidable115 mm, Mango de Polipropileno Color Negro",740000_fbm,"1,377",20,0.36%,0.25%,"1,856",28,0.34%,0.24%,98.45%,78.57%,25,0,1.82%,0.00%,"654,50 €","0,00 €",22,0
B06XB92VRH,B07T6J5JWM,CUPERINOX Cafetera Italiana Induccion Espresso Acero Inoxidable 12 Tazas,25035,503,11,0.13%,0.14%,752,17,0.14%,0.14%,77.92%,100.00%,21,0,4.17%,0.00%,"587,79 €","0,00 €",21,0
B08Q7W1Q4K,B08Q7W1Q4K,"Tradineur - Pack de 2 Graseras de metal de Ø 9,3 x 11 cm - Incluye filtro, asa y tapa - Aceitera con colador para conservación de aceite de acero inoxidable - Capacidad de 550 ml",22105+22106,249,3,0.06%,0.04%,352,3,0.06%,0.03%,100.00%,0.00%,21,0,8.43%,0.00%,"230,79 €","0,00 €",21,0
B09KJLG7BT,B098TFPYLY,CUPERINOX Jamonero profesional Gondola | tabla jamon | Cuchillo Jamonero Alveolos Acero Inox + Cubre Jamón Universal | Set cortar jamón (3 PZAS) | Sujeta jamones | tabla jamonero,20228FBM,369,7,0.10%,0.09%,532,13,0.10%,0.11%,100.00%,100.00%,21,0,5.69%,0.00%,"632,20 €","0,00 €",21,0
B017HKR8WS,B005LR7EP6,ARCOS Afilador de Cuchillos Profesional ABS,610000,"6,082",137,1.57%,1.70%,"8,406",197,1.53%,1.68%,8.37%,15.83%,22,2,0.36%,1.46%,"1.450,78 €","130,98 €",20,2
B08J488ZQG,B0987N2CBR,Arcos Juego Cuchillos Carne | 6 Piezas | Cuchillos carne cuchillo chuleteros | cubiertos acero inoxidable | Hoja 110 mm | mango monobloque | aptos lavavajillas | Caja Envase Ecológico,814000_fba,676,21,0.17%,0.26%,839,22,0.15%,0.19%,99.86%,100.00%,22,0,3.25%,0.00%,"615,78 €","0,00 €",20,0
B09N7S17J6,B09D3YRGL9,"CUPERINOX Navaja Plegable Multiusos – Hoja de Acero Inoxidable 80 mm (Filo Liso + Serrado), Punta Rompevidrios, Apertura Rápida, Clip de Cinturón, Herramienta para Camping, Caza, Pesca y Supervivencia",30061_,976,16,0.25%,0.20%,"1,485",19,0.27%,0.16%,98.20%,100.00%,20,1,2.05%,6.25%,"199,80 €","9,99 €",20,1
B09RP6V156,B09RP6V156,"CUPERINOX® Alicates para pedicura, Profesional, Cortaúñas de Pies, Acero Inoxidable, Mango Ergonómico Antideslizante, Fácil Limpieza, Con Funda, 2 Años de Garantía",21920AM,253,8,0.07%,0.10%,393,9,0.07%,0.08%,98.30%,100.00%,22,4,8.70%,50.00%,"218,13 €","38,31 €",20,2
B00W9SPO5M,B00W9SPO5M,Arcos Tijeras de Modista de Acero Forjado 178 mm - Uso Profesional y Doméstico - Niqueladas en Plata - Serie Style,504200,168,4,0.04%,0.05%,250,6,0.05%,0.05%,80.53%,80.00%,20,1,11.90%,25.00%,"282,30 €","13,99 €",19,1
B06XB92VRH,B00YU2ZS1A,CUPERINOX Cafetera Italiana Induccion Espresso Acero Inoxidable 6 Tazas,25033_,304,7,0.08%,0.09%,424,10,0.08%,0.09%,91.07%,0.00%,19,0,6.25%,0.00%,"301,18 €","0,00 €",19,0
B0937XXT33,B01CQT1B5U,"Arcos Cuchillos de Mesa Juego de Cuchillos Chuleteros Cuchillos de Mesa, Monoblock de una pieza de Acero Inoxidable 110 mm, Color Plata (12 uds)",702000_us,515,14,0.13%,0.17%,759,22,0.14%,0.19%,84.31%,100.00%,22,0,4.27%,0.00%,"1.055,78 €","0,00 €",19,0
B09MSDJQJ1,B08M3B43J6,"Arcos | Juego Cuchillo Jamonero 3 Pzas | jamonero Acero Inoxidable (240 mm), afilador Chaira y Cubre jamón | Juego Cuchillos jamonero Profesional | Paleta ibérica | Eco",704300_fbm,496,9,0.13%,0.11%,665,10,0.12%,0.09%,100.00%,100.00%,19,0,3.83%,0.00%,"494,09 €","0,00 €",19,0
B09CL776WP,B09CL776WP,CUPERINOX® Cuchillos de Mesa Acero Inoxidable – Set 12 Cuchillos para Carne con Filo Dentado – Aptos Lavavajillas – Uso Diario y Profesional,15015_,"1,334",72,0.34%,0.89%,"1,954",101,0.36%,0.86%,99.53%,100.00%,30,0,2.25%,0.00%,"599,70 €","0,00 €",19,0
B09RP6V156,B09RP6V156,"CUPERINOX® Alicates para pedicura, Profesional, Cortaúñas de Pies, Acero Inoxidable, Mango Ergonómico Antideslizante, Fácil Limpieza, Con Funda, 2 Años de Garantía",21920AM_fba,253,8,0.07%,0.10%,393,9,0.07%,0.08%,98.30%,100.00%,19,0,7.51%,0.00%,"180,31 €","0,00 €",19,0
B0DNNKT1W2,B0DNNJCHQP,"Cuperinox-Tetera de Cristal con Infusor para Té e Infusiones, Resistente al Calor y Compatible con Microondas ** - Infusion Prestige Collection (950 ml)",26113,381,19,0.10%,0.24%,508,22,0.09%,0.19%,96.43%,100.00%,19,3,4.99%,15.79%,"346,10 €","54,96 €",19,3
B09GBJKQHR,B07YYDR6D8,Arcos Juego de Cuchillos de Cocina. 3 piezas de Acero Inoxidable forjado. Impresiona yorprencon cada corte. Mango Micarta azul. Serie Brooklyn. Color Azul.,858110_,"1,176",19,0.30%,0.24%,"1,747",22,0.32%,0.19%,73.06%,85.71%,18,0,1.53%,0.00%,"1.744,02 €","0,00 €",18,0
B08M9NWMW8,B08M9NWMW8,Arcos Juego de Cuchillos de Cocina Profesional y Afilador | 7 Piezas | Acero Inoxidable | Taco de Madera | Serie Niza | Uso Cotidiano | Apto para Lavavajillas,835800FBM,664,20,0.17%,0.25%,947,36,0.17%,0.31%,97.84%,96.30%,18,1,2.71%,5.00%,"989,82 €","54,99 €",18,1
B093DXB2PK,B00MDJVRG2,Arcos Latina Cuchillo para Verduras Acero Inoxidable 105 mm,100500_1_pieza,157,4,0.04%,0.05%,205,7,0.04%,0.06%,85.56%,100.00%,39,12,24.84%,300.00%,"194,69 €","59,88 €",17,1
B0937XXT33,B01CQT1B5U,"Arcos Cuchillos de Mesa Juego de Cuchillos Chuleteros Cuchillos de Mesa, Monoblock de una pieza de Acero Inoxidable 110 mm, Color Plata (12 uds)",702000,515,14,0.13%,0.17%,759,22,0.14%,0.19%,84.31%,100.00%,27,1,5.24%,7.14%,"1.295,73 €","47,99 €",17,1
B093DSL44T,B07F9RV81Z,Arcos Cuchillo Chuletero de 4 Pulgadas con Hoja de 105mm en Acero Inoxidable y Mango de Madera. Cuchillo para Carne Apto para Lavavajillas. Serie Latina. Color Marrón,100400_fba,812,12,0.21%,0.15%,"1,123",21,0.20%,0.18%,78.90%,100.00%,18,0,2.22%,0.00%,"647,82 €","0,00 €",17,0
B08GSTDWTC,B08G4D9718,"Arcos | Cuchillos 3 Colores | Cuchillo de pelar | Cuchillos pelar Patatas | Acero Inoxidable Nitrum| Envase Ecológico | Cuchillo Colores (85 mm, Amarillo, Turquesa, Naranja)",816700_francia,357,6,0.09%,0.07%,452,6,0.08%,0.05%,74.55%,100.00%,17,0,4.76%,0.00%,"165,75 €","0,00 €",17,0
B0C4DTYRJW,B071LGMMGV,Arcos Juego Cuchillos Cocina Profesionales| Cuchillos Cocina Profesional Set Cuchillos | Mango Negro (3 Piezas),862600,"1,793",26,0.46%,0.32%,"2,524",30,0.46%,0.26%,99.69%,100.00%,16,1,0.89%,3.85%,"639,18 €","39,99 €",16,1
B00D3LCFRE,B00D3LCFRE,Arcos Tijeras Multiusos de Acero Inoxidable 210 mm - Costura y Tejidos - Mango ABS Gris - Serie Deluxe,521000_fbm,82,2,0.02%,0.02%,108,2,0.02%,0.02%,92.93%,100.00%,16,1,19.51%,50.00%,"383,84 €","23,99 €",15,1
B07ZJ8ZJ93,B07ZJ8ZJ93,Arcos Set Jamonero Profesional Acero Inoxidable 3 Piezas,859400_us,"1,381",17,0.36%,0.21%,"1,823",25,0.33%,0.21%,45.52%,40.00%,15,0,1.09%,0.00%,"412,95 €","0,00 €",15,0
B08Y8NS7PN,B08MT61GJV,Arcos Juego Cuchillos Cocina | 2 pzas |Profesional (150 mm) | Cuchillo Cortador Verduras (100 mm)| Acero Inoxidable Nitrum | Mango Negro | Envase Eco,819900fbm,167,3,0.04%,0.04%,252,3,0.05%,0.03%,99.16%,100.00%,15,2,8.98%,66.67%,"270,15 €","35,98 €",15,2
B09KJLG7BT,B098K898SC,CUPERINOX Soporte Jamonero | Jamonero Profesional | Cuchillo Jamonero madera + Funda Jamon | Tabla Jamonera,20226FBM,382,8,0.10%,0.10%,511,18,0.09%,0.15%,100.00%,86.67%,16,0,4.19%,0.00%,"349,81 €","0,00 €",15,0
B017DLH9RA,B017DLH9RA,ARCOS Cuchillo Abre Ostras Acero Inoxidable 60 mm,227200_us,191,7,0.05%,0.09%,304,15,0.06%,0.13%,37.21%,57.14%,17,3,8.90%,42.86%,"135,96 €","23,97 €",14,2
B07G76NW26,B07G76NW26,"Arcos Serie Cuchillos de Mesa Caja 12 uds Cuchillo Mesa, Hoja Serrada de Acero Inoxidable de 125 mm, Cuchillo Monoblock Acero Inoxidable Color plata (12 UDS)",460400_fbm,218,3,0.06%,0.04%,340,3,0.06%,0.03%,99.66%,100.00%,22,10,10.09%,333.33%,"852,78 €","372,90 €",14,2
B08JCVQ4QL,B08JCVQ4QL,"Arcos Series Niza - Juego de Cuchillos Cocina, 6 Piezas, Cuchillos Verduras 110 mm, + Cuchillo Mesa, Envase 100% Ecológico, Acero Inoxidable NITRUM",809400_,"1,250",23,0.32%,0.29%,"1,750",32,0.32%,0.27%,99.67%,100.00%,15,0,1.20%,0.00%,"299,85 €","0,00 €",14,0
B0CYTKGNPM,B0843Q6L5P,ARCOS Pelador Profesional Acero Inoxidable Cromado 130 mm,607000_,"4,312",147,1.11%,1.82%,"6,541",232,1.19%,1.97%,1.35%,4.86%,44,35,1.02%,23.81%,"217,83 €","152,58 €",13,5
B073V3CYRF,B073V3CYRF,Arcos Cuchillo Mondador de 4 Pulgadas con Hoja de 100mm en Acero Inoxidable y Mango de Polipropileno. Cuchillos de Cocina para Pelar Apto para Lavavajillas. Serie Nova. Color Turquesa,188632_,585,9,0.15%,0.11%,848,10,0.15%,0.09%,83.58%,66.67%,15,0,2.56%,0.00%,"89,85 €","0,00 €",12,0
B093DSL44T,B07F9RV81Z,Arcos Cuchillo Chuletero de 4 Pulgadas con Hoja de 105mm en Acero Inoxidable y Mango de Madera. Cuchillo para Carne Apto para Lavavajillas. Serie Latina. Color Marrón,100400,812,12,0.21%,0.15%,"1,123",21,0.20%,0.18%,78.90%,100.00%,18,6,2.22%,50.00%,"642,42 €","210,54 €",12,2
B08G8QHY23,B08G8QHY23,Arcos | cuchillos chuleteros cuchillo madera cuchillo chuletero | 6 Piezas | juego cuchillos carne | cuchillos mango madera | Envase Eco | Fabricado en España,809300,560,3,0.14%,0.04%,806,3,0.15%,0.03%,99.28%,100.00%,13,0,2.32%,0.00%,"267,23 €","0,00 €",12,0
B08M7BMR2S,B08LNRV6N6,"Arcos Afiladores, Afilador de Cuchillos de Mano, Hecho de ABS + TPE, Rodillos Cerámico y Carburo, Color Blanco y Negro",610624,"1,464",28,0.38%,0.35%,"1,778",29,0.32%,0.25%,99.05%,93.75%,12,0,0.82%,0.00%,"164,62 €","0,00 €",12,0
B0DQV6381X,B0DQRF2HZK,CUPERINOX Jamonera Inoxidable | Jamonero | Soporte Jamonero | Tabla Jamon Inoxidable | Facil Montaje | Tabla Jamon Profesional,SC_20260,643,6,0.17%,0.07%,897,8,0.16%,0.07%,99.52%,100.00%,12,0,1.87%,0.00%,"246,17 €","0,00 €",12,0
B073V5RN1J,B073V5RN1J,Arcos Cuchillo Mondador Acero Inoxidable NITRUM 100 mm - Ideal para Pelar Frutas y Verduras - Mango Ergonómico Polipropileno Negro - Serie Nova,816500_1pieza,163,4,0.04%,0.05%,247,7,0.05%,0.06%,98.58%,100.00%,19,0,11.66%,0.00%,"85,38 €","0,00 €",11,0
B09381N96H,B07G75XCXM,"Arcos Serie Cuchillos de Mesa Caja 12 uds Cuchillo Mesa, Hoja Serrada de Acero Inoxidable NITRUM de 125 mm, Mango Polipropileno Color crema (12 UDS)",370200_us,436,11,0.11%,0.14%,666,17,0.12%,0.14%,99.48%,100.00%,19,10,4.36%,90.91%,"374,41 €","194,50 €",11,3
B07N8V5DY8,B07N8V5DY8,Arcos Cuchillo trinchar forjado | Cuchillo jamonero Acero Inoxidable. Cuchillo cocina profesional cocinar. Mango micarta y borseda especial y Hoja plateada 300 mm. Serie Brooklyn. Color azul.,192323_,132,7,0.03%,0.09%,211,9,0.04%,0.08%,88.83%,83.33%,11,1,8.33%,14.29%,"513,68 €","46,68 €",11,1
B09QDH8MSK,B07N8VWHT9,Arcos Tacos - Bloque Universal para Cuchillos hasta 20 cm - Hecho de Caucho Termoplástico 220 x 160 x 65 mm - Color Negro,794500_,"1,725",37,0.45%,0.46%,"2,457",52,0.45%,0.44%,17.46%,14.29%,11,0,0.64%,0.00%,"286,32 €","0,00 €",11,0
B0DNNL2TZQ,B0DNNFGWNJ,"CUPERINOX Aceitera de Cristal Antigoteo para Aceite de Oliva, Resistente y Fácil de Limpiar Gourmet Oil Collection (500 Ml)",22023_,466,27,0.12%,0.33%,648,41,0.12%,0.35%,100.00%,100.00%,11,3,2.36%,11.11%,"144,91 €","38,99 €",11,3
B0DNNKT1W2,B0DNNJPRXB,"Cuperinox-Tetera de Cristal con Infusor para Té e Infusiones, Resistente al Calor y Compatible con Microondas ** - Infusion Prestige Collection (550 ml)",26111_,"1,484",40,0.38%,0.50%,"2,070",58,0.38%,0.49%,99.67%,100.00%,11,0,0.74%,0.00%,"192,89 €","0,00 €",11,0
B017HKG9PK,B0044R87VO,Arcos Maitre - Cuchillo Jamonero Flexible - Acero Inoxidable NITRUM 275 mm - Mango Polipropileno negro,151200,629,17,0.16%,0.21%,747,23,0.14%,0.20%,97.52%,85.71%,10,1,1.59%,5.88%,"148,86 €","14,61 €",10,1
B00I9XTKI8,B00I9XTKI8,ARCOS Taco Ovalado Protector de Cuchillos hasta 20 cm,794100_,570,11,0.15%,0.14%,884,16,0.16%,0.14%,29.95%,25.00%,10,0,1.75%,0.00%,"259,90 €","0,00 €",10,0
B06XB92VRH,B00YU2ZWGG,CUPERINOX Cafetera Italiana Induccion Espresso Acero Inoxidable 10 Tazas,25034,"1,549",45,0.40%,0.56%,"2,527",102,0.46%,0.87%,99.74%,100.00%,10,2,0.65%,4.44%,"195,54 €","35,62 €",10,2
B07JJGXYZD,B07JJGXYZD,Arcos Set Cocina Serie Manhattan,858100,577,12,0.15%,0.15%,825,13,0.15%,0.11%,91.69%,100.00%,10,0,1.73%,0.00%,"792,84 €","0,00 €",10,0
B07ZJ85R7C,B07ZJ85R7C,Arcos Set de Corte 3 Piezas Acero Inoxidable Nitrum,859300,235,6,0.06%,0.07%,383,9,0.07%,0.08%,68.93%,100.00%,10,0,4.26%,0.00%,"379,90 €","0,00 €",10,0
B0812P3LZT,B0812P3LZT,"Arcos Nova - Set 3 Cuchillos Mantequilla - Acero Inoxidable 70 mm - Mango en color menta, naranja y limon",859900,250,2,0.06%,0.02%,362,2,0.07%,0.02%,98.10%,100.00%,10,0,4.00%,0.00%,"110,08 €","0,00 €",10,0
B08VS4FCLN,B08BX3WTPP,"Arcos Juego Cuchillos Cocina cuchillo blanco cuchillos | cuchillos cocina Maitre | 4 piezas | Chef 215 mm, Cocina 150 mm, Verduras 100 mm Tijera cocina (Blanco)",152624_,317,2,0.08%,0.02%,470,3,0.09%,0.03%,98.83%,100.00%,10,0,3.15%,0.00%,"349,90 €","0,00 €",10,0
B09KJLG7BT,B098K898SC,CUPERINOX Soporte Jamonero | Jamonero Profesional | Cuchillo Jamonero madera + Funda Jamon | Tabla Jamonera,20226,382,8,0.10%,0.10%,511,18,0.09%,0.15%,100.00%,86.67%,11,0,2.88%,0.00%,"274,68 €","0,00 €",10,0
B0CYTKGNPM,B0CW66H3TR,Pelador de Tomate ARCOS - Hoja Serrada de Acero Inoxidable | Mango Ergonómico | Ideal para Tomates,607420_,"1,263",26,0.33%,0.32%,"1,341",27,0.24%,0.23%,95.45%,100.00%,10,1,0.79%,3.85%,"78,51 €","6,60 €",10,1
B017HKJOF2,B000NOAYMM,Arcos Cuchillo Jamonero Acero Inoxidable 240 mm,281804_fba,496,9,0.13%,0.11%,688,11,0.13%,0.09%,19.62%,30.00%,9,0,1.81%,0.00%,"148,41 €","0,00 €",9,0
B017HKSTCQ,B00CFN1M6Q,ARCOS Tijeras de Cocina Multiusos 200 mm,809700_,"1,349",41,0.35%,0.51%,"2,137",76,0.39%,0.65%,8.05%,0.00%,9,0,0.67%,0.00%,"125,91 €","0,00 €",9,0
B00U2QWLVS,B00U2QWLVS,Arcos Cuchillo Chuletero de Mesa Acero Inoxidable Nitrum 115 mm,740009_us,71,3,0.02%,0.04%,97,4,0.02%,0.03%,95.45%,100.00%,19,0,26.76%,0.00%,"75,81 €","0,00 €",9,0
B0189HXS8Q,B017DLLIUO,Arcos Navaja Profesional Acero Inoxidable 85 mm,485929,775,18,0.20%,0.22%,"1,091",23,0.20%,0.20%,51.91%,71.43%,10,1,1.29%,5.56%,"75,50 €","7,55 €",9,1
B019H2J21O,B019H2J21O,"Cuperinox 22531, Flanero Inoxidable 18cm con tapa",22531_us,170,5,0.04%,0.06%,266,6,0.05%,0.05%,98.29%,100.00%,10,0,5.88%,0.00%,"88,10 €","0,00 €",9,0
B0812P3LZT,B0812P3LZT,"Arcos Nova - Set 3 Cuchillos Mantequilla - Acero Inoxidable 70 mm - Mango en color menta, naranja y limon",859900_,250,2,0.06%,0.02%,362,2,0.07%,0.02%,98.10%,100.00%,11,0,4.40%,0.00%,"120,89 €","0,00 €",9,0
B08M9QRSW8,B08M9QRSW8,Arcos | Juego Cuchillos cuchillos mesa | 6 Uds | cuchillo fruta | cuchillo postre | Hoja 110 mm | Acero Inoxidable Martensítico | Mango Nylon | apto lavavajillas | Envase Ecológico,703600_barras_arcos,84,1,0.02%,0.01%,127,1,0.02%,0.01%,99.09%,0.00%,10,0,11.90%,0.00%,"99,90 €","0,00 €",9,0
B0CVH8PC99,B0CQTJ6T66,"CUPERINOX® Cuchillos de Mesa Acero Inoxidable – Set Profesional 12 Piezas con Hoja Serrada de 11 cm y Mango Ergonómico Antideslizante – Para Carne, Verduras y Pescado",99901_12pzs,282,8,0.07%,0.10%,388,15,0.07%,0.13%,99.42%,100.00%,11,3,3.90%,37.50%,"130,69 €","34,77 €",9,2
B017HKG9PK,B0044R87RS,Arcos Cuchillo para Maitre Negro 215 mm,151000,"2,382",51,0.62%,0.63%,"3,615",67,0.66%,0.57%,6.21%,6.98%,8,0,0.34%,0.00%,"120,42 €","0,00 €",8,0
B09337686H,B0044R884U,Arcos Universal Cuchillo Santoku Acero POM Negro 170 mm,286004_us,751,19,0.19%,0.24%,"1,168",27,0.21%,0.23%,27.13%,16.67%,8,1,1.07%,5.26%,"190,00 €","23,75 €",8,1
B017HKJKNI,B006LMX2EW,Arcos Universal Cuchillo Jamonero Acero Hoja Hueca Negro 280 mm,281901_,600,15,0.15%,0.19%,793,29,0.14%,0.25%,38.11%,23.81%,8,1,1.33%,6.67%,"187,18 €","22,75 €",8,1
B017HKRCGK,B00BHZPGHO,ARCOS Bolsa Portacuchillos para 17 Piezas Poliéster Negra,691400_,289,5,0.07%,0.06%,378,6,0.07%,0.05%,73.86%,66.67%,8,0,2.77%,0.00%,"350,00 €","0,00 €",8,0
B07JWM27F4,B07JWM27F4,Arcos Set Cuchillos Cocina Profesionales Forjados en Acero Inoxidable. Juego de 3 Cuchillos (Pelador 100 mm + Cocinero 150 mm + Cocinero 200 mm). Mango Ergonómico Rosa en Polioximetileno. Riviera Rose,855100_,718,9,0.19%,0.11%,928,12,0.17%,0.10%,91.09%,33.33%,8,0,1.11%,0.00%,"575,14 €","0,00 €",8,0
B07N8VCFRY,B07N8VCFRY,Arcos Brooklyn Cuchillo Panero Acero Inoxidable Nitrum 200 mm,191323_,122,2,0.03%,0.02%,166,2,0.03%,0.02%,83.78%,0.00%,8,0,6.56%,0.00%,"316,15 €","0,00 €",8,0
B07N8VHP6Y,B07N8VHP6Y,Arcos Cuchillo deshuesador con Hoja Acero Inoxidable Nitrum 160 mm. Cuchillo profesional para cortar huesos carne. Mango ergonómico polipropileno. Serie Brooklyn. Color azul.,192623_,79,1,0.02%,0.01%,102,1,0.02%,0.01%,87.36%,100.00%,8,1,10.13%,100.00%,"283,04 €","34,88 €",8,1
B08G8QHY23,B08G8QHY23,Arcos | cuchillos chuleteros cuchillo madera cuchillo chuletero | 6 Piezas | juego cuchillos carne | cuchillos mango madera | Envase Eco | Fabricado en España,809300_,560,3,0.14%,0.04%,806,3,0.15%,0.03%,99.28%,100.00%,9,0,1.61%,0.00%,"215,91 €","0,00 €",8,0
B08M5K93QF,B08M5K93QF,Arcos Juego Cuchillos Mesa | 6 Uds | Cuchillo Postre | Cuchillos Mesa | Cuchillo Carne | Hoja 105 mm | Acero Inoxidable Martensítico | Mango Polipropileno | Apto lavavajillas | Envase Ecológico,703500_etq,60,1,0.02%,0.01%,96,1,0.02%,0.01%,92.94%,100.00%,8,0,13.33%,0.00%,"87,92 €","0,00 €",8,0
B09FQ5SZK8,B08MTWC7RD,Arcos Cuchillo Cocinero Acero Inoxidable Nitrum 210 mm,166800_fbm,"1,522",23,0.39%,0.29%,"1,896",27,0.35%,0.23%,80.79%,50.00%,8,0,0.53%,0.00%,"230,02 €","0,00 €",8,0
B08VRP7CR7,B09XMVTWLT,Arcos Juego Cuchillos Carne | 6 Piezas | Cuchillos Carne Cuchillo chuleteros | Cubiertos Acero Inoxidable | Hoja 110 mm | Mango Redondo y Forma Ovalada | monobock | Caja Envase Ecológico (Filo Liso),830000_,167,5,0.04%,0.06%,284,6,0.05%,0.05%,100.00%,100.00%,10,0,5.99%,0.00%,"330,44 €","0,00 €",8,0
B0B42QTHTP,B0B42QTHTP,CUPERINOX | Tijeras de pescado 18 cm | Tijeras Cocina | tijeras de cocinero profesional para aves pescado carne caza| Accesorios de cocina,21991_,40,1,0.01%,0.01%,76,1,0.01%,0.01%,100.00%,0.00%,9,0,22.50%,0.00%,"56,25 €","0,00 €",8,0
B0DPKXM18X,B0DNQRZ3BN,"CUPERINOX Soporte Jamonero Inoxidable Profesional con Base Antideslizante para Jamones y Paletas, Incluye Cuchillo | Jamoneros Elite Collection",20260,793,21,0.20%,0.26%,"1,116",25,0.20%,0.21%,99.80%,100.00%,8,0,1.01%,0.00%,"199,92 €","0,00 €",8,0
B0BMQ3CMJD,B005LR73D4,Arcos Serie Niza - Set Jamoneri - Cuchillo Jamonero + Chaira - Hoja de Acero Inoxidable NITRUM de 240 mm - Mangos fabricados en Polipropileno (PP) Color Negro,136700_fbm,110,3,0.03%,0.04%,145,3,0.03%,0.03%,46.67%,33.33%,7,0,6.36%,0.00%,"104,93 €","0,00 €",7,0
B08XYZRKC4,B007TS6GWW,"ARCOS Juego de Cubiertos de 24 Piezas para Mesa. Cuberterí­a Completa para 6 Personas. Set de 6 Cucharas, 6 Cuchillos, 6 Tenedores y 6 Cucharas de Postre. Serie Toscana. Color Plata",572400,"4,157",75,1.07%,0.93%,"5,803",105,1.06%,0.89%,14.03%,20.93%,7,0,0.17%,0.00%,"454,93 €","0,00 €",7,0
B09CH5GZ4J,B07D8WQ355,Arcos Serie Manhattan - Cuchillo Cocinero - Hoja de Acero Inoxidable Forjado Nitrum 210 mm - Mango de Polioximetileno (POM) Color Negro - Filo Seda,160600_,335,12,0.09%,0.15%,489,16,0.09%,0.14%,98.42%,100.00%,7,0,2.09%,0.00%,"255,43 €","0,00 €",7,0
B07NDTGSY3,B07NDTGSY3,Arcos Serie Brooklyn - Cuchillo Rocking Santoku Cuchillo Asiático - Hoja de Acero Inoxidable Forjado NITRUM 190 mm - Mango de Micarta Color Azul (Filo Seda),191623_fbm,178,3,0.05%,0.04%,278,6,0.05%,0.05%,81.94%,100.00%,7,0,3.93%,0.00%,"276,43 €","0,00 €",7,0
B0843DNN57,B0843DNN57,Arcos Set Cuchillos Forjados 4 piezas (3 Cuchillos + 1 tijeras) - Acero Inoxidable Forjado NITRUM - Mango Micarta - Bloques Madera Color Azul. Serie Brooklyn. Impresiona yorprencon Cada Corte.,194000_,947,10,0.24%,0.12%,"1,232",16,0.22%,0.14%,97.63%,100.00%,7,1,0.74%,10.00%,"739,68 €","103,94 €",7,1
B09DPRCMTF,B08MW2GWPC,Arcos Juego Cuchillos Carne | Cuchillo chuleteros | Cuchillos Carne Cuchillos Mesa | 6 Uds | Hoja 110 mm | Acero Inoxidable | Mango Nylon | Apto lavavajillas | Envase Ecológico (Filo Serrado),816400fbm,486,4,0.13%,0.05%,645,4,0.12%,0.03%,99.66%,100.00%,7,0,1.44%,0.00%,"121,33 €","0,00 €",7,0
B08J488ZQG,B0987N2CBR,Arcos Juego Cuchillos Carne | 6 Piezas | Cuchillos carne cuchillo chuleteros | cubiertos acero inoxidable | Hoja 110 mm | mango monobloque | aptos lavavajillas | Caja Envase Ecológico,814000FBM,676,21,0.17%,0.26%,839,22,0.15%,0.19%,99.86%,100.00%,8,0,1.18%,0.00%,"223,92 €","0,00 €",7,0
B08VS4FCLN,B09HBWSBN1,"Arcos Juego Cuchillos Cocina cuchillo blanco cuchillos | cuchillos cocina Maitre | 5 piezas | Chef 215 mm, Cocina 150 mm, Verduras 100 mm Tijera cocina (Negro + Jamonero)",854100 fbm,766,6,0.20%,0.07%,919,6,0.17%,0.05%,99.76%,100.00%,7,0,0.91%,0.00%,"311,18 €","0,00 €",7,0
B0CYTKGNPM,B0CW68KM18,Pelador de Cocina ARCOS - Hoja de Acero Inoxidable | Mango Ergonómico | Herramienta Versátil para Pelar Frutas y Verduras,607300_,"1,851",47,0.48%,0.58%,"2,129",51,0.39%,0.43%,51.93%,86.21%,7,0,0.38%,0.00%,"59,57 €","0,00 €",7,0
B0DVT6KPDV,B0DT6ZPGVQ, ,27008,191,9,0.05%,0.11%,264,15,0.05%,0.13%,100.00%,100.00%,7,0,3.66%,0.00%,"78,27 €","0,00 €",7,0
B0044R87XM,B0044R87XM,"Arcos Cuchillo cocina laerie Kyoto - Hoja Acero Inoxidable forjado Nitrum 6"" - Mango negro polioximetileno (POM) - Elegante y duradero (7'')",178900_,479,7,0.12%,0.09%,561,7,0.10%,0.06%,99.23%,100.00%,6,0,1.25%,0.00%,"268,94 €","0,00 €",6,0
B096SHJ82T,B0044R8868,Arcos Juego de 12 Cubiertos para Mesa. Set de 6 Cuchillos Chuleteros y 6 Tenedores en Madera de Haya y Acero Inoxidable. Estuche para Carne. Serie Mesa. Color Marrón,377700_fbm,625,12,0.16%,0.15%,883,19,0.16%,0.16%,26.57%,14.29%,7,0,1.12%,0.00%,"328,93 €","0,00 €",6,0
B017HKHR92,B005LR6GE6,Arcos Cuchillo Cocinero Negro 250 mm,233700_,772,16,0.20%,0.20%,998,23,0.18%,0.20%,41.48%,46.67%,6,0,0.78%,0.00%,"257,94 €","0,00 €",6,0
B0752NT3TH,B005LR77UI,ARCOS Tijeras de Cocina Acero Inoxidable 215 mm,185400,210,11,0.05%,0.14%,248,13,0.05%,0.11%,97.70%,100.00%,6,0,2.86%,0.00%,"103,98 €","0,00 €",6,0
B007TS6GW2,B007TS6GW2,Arcos Chairas - Chaira Afilador manual de cuchillos - Cuerpo de Acero al Carbono recubierto de Diamante de 280 mm - Mango de Polipropileno color negro,279202_,163,7,0.04%,0.09%,277,17,0.05%,0.14%,79.18%,100.00%,6,1,3.68%,14.29%,"231,14 €","39,99 €",6,1
B0752V8D5V,B00I9XTGJ6,ARCOS Taco Redondo Protector de Cuchillos Caucho Termoplástico 225 mm,794000,134,4,0.03%,0.05%,181,4,0.03%,0.03%,69.38%,66.67%,6,0,4.48%,0.00%,"149,94 €","0,00 €",6,0
B0189HXQKQ,B017DLLFES,"Arcos Navaja Profesional de Acero Inoxidable Nitrum, Hoja 85 mm, Mango de Polipropileno, Serie Navajas Profesionales, Alta Durabilidad y Rendimiento",485700_fbm,635,18,0.16%,0.22%,821,20,0.15%,0.17%,88.86%,100.00%,15,10,2.36%,55.56%,"97,85 €","61,60 €",6,1
B078KJ1T6G,B078JPWR5J,"Arcos 807600 Juego de Cuchillos, Acero Inoxidable, Blanco, 45x20x5 cm, 3 Unidades",807600_,323,9,0.08%,0.11%,380,11,0.07%,0.09%,99.41%,100.00%,6,0,1.86%,0.00%,"419,94 €","0,00 €",6,0
B07F6C8L9T,B07F6C8L9T,ARCOS Sacacorchos Eléctrico ABS Batería Recargable Plata,604900_,"1,251",14,0.32%,0.17%,"1,531",18,0.28%,0.15%,7.12%,14.29%,6,0,0.48%,0.00%,"265,40 €","0,00 €",6,0
B07N8TV9CC,B07N8TV9CC,Arcos Brooklyn Cuchillo Rebanar Jamonero Forjado Micarta Azul 250 mm,191923_,99,3,0.03%,0.04%,154,5,0.03%,0.04%,84.62%,100.00%,6,0,6.06%,0.00%,"233,88 €","0,00 €",6,0
B07N8V34F1,B07N8V34F1,"Arcos Cuchillo Santoku Acero Inoxidable Forjado con Balanceo, Mango Micarta y BorSeda Especial y Hoja Plateada 190 mm. Impresiona yorprencon Cada Corte. Serie Brooklyn. Color Azul.",191623_,178,3,0.05%,0.04%,282,4,0.05%,0.03%,78.09%,100.00%,6,0,3.37%,0.00%,"257,22 €","0,00 €",6,0
B07N8VLCQS,B07N8VLCQS,"Arcos Juego de Cuchillos Profesionales (4 Piezas) - Acero Inoxidable Nitrum, Precisión y Durabilidad, Mango Ergonómico POM Negro, Incluye Tijeras y Bloque de Madera, Serie Manhattan",163300_,138,0,0.04%,0.00%,241,0,0.04%,0.00%,92.75%,0.00%,6,0,4.35%,0.00%,"555,24 €","0,00 €",6,0
B0C4DTYRJW,B094QVHPQ8,Arcos Juego Cuchillos Cocina Profesionales| Cuchillos Cocina Profesional Set Cuchillos | Mango Negro (4 Piezas),813500,"1,516",18,0.39%,0.22%,"1,990",24,0.36%,0.20%,96.34%,100.00%,6,0,0.40%,0.00%,"239,70 €","0,00 €",6,0
B0CVH8PC99,B0CQTJ6T66,"CUPERINOX® Cuchillos de Mesa Acero Inoxidable – Set Profesional 12 Piezas con Hoja Serrada de 11 cm y Mango Ergonómico Antideslizante – Para Carne, Verduras y Pescado",99922,282,8,0.07%,0.10%,388,15,0.07%,0.13%,99.42%,100.00%,6,0,2.13%,0.00%,"71,94 €","0,00 €",6,0
B0DNNL2TZQ,B0DNNF3839,"CUPERINOX Aceitera de Cristal Antigoteo para Aceite de Oliva, Resistente y Fácil de Limpiar Gourmet Oil Collection (1000 Ml)",22024,573,19,0.15%,0.24%,820,26,0.15%,0.22%,99.86%,100.00%,6,0,1.05%,0.00%,"108,44 €","0,00 €",6,0
B0DNNKT1W2,B0DNNJPGTY,"Cuperinox-Tetera de Cristal con Infusor para Té e Infusiones, Resistente al Calor y Compatible con Microondas ** - Infusion Prestige Collection (750 ml)",26112_,732,18,0.19%,0.22%,976,26,0.18%,0.22%,99.65%,100.00%,6,0,0.82%,0.00%,"117,74 €","0,00 €",6,0
B0B8Z4Z1ZS,B0044R87I2,Arcos Conjunto Cuchillos 4 piezas (3 Cuchillos + 1 tijeras). Acero Inoxidable y Hoja mm. 1670 gr. Bloque madera pino. Mango ergonómico polioximetileno POM. Serie Universal. Mayor control. Color negro.,285000,441,10,0.11%,0.12%,638,13,0.12%,0.11%,84.78%,66.67%,5,0,1.13%,0.00%,"232,30 €","0,00 €",5,0
B0752SPHL9,B005LR6WW2,Arcos Juego de Cuchillos de Cocina de 5 Piezas,152100_us,314,3,0.08%,0.04%,470,3,0.09%,0.03%,59.25%,50.00%,5,0,1.59%,0.00%,"309,40 €","0,00 €",5,0
B017HKR8WS,B005LRSIK6,ARCOS Afilador de Bolsillo Profesional,610200,"1,104",24,0.29%,0.30%,"1,274",25,0.23%,0.21%,19.80%,0.00%,6,0,0.54%,0.00%,"226,50 €","0,00 €",5,0
B017HKJ4T8,B007TS67OY,Arcos Cuchillo Chef Acero Inoxidable 155 mm,280404,931,29,0.24%,0.36%,"1,414",48,0.26%,0.41%,9.75%,14.29%,5,0,0.54%,0.00%,"82,45 €","0,00 €",5,0
B017HKJ4T8,B007TS67WG,Arcos Cuchillo Chef Acero Inoxidable 300 mm,280804,315,19,0.08%,0.24%,373,23,0.07%,0.20%,53.10%,69.23%,9,5,2.86%,26.32%,"267,75 €","148,75 €",5,2
B00D3LC70Y,B00D3LC70Y,Arcos Tijeras Costura Castellana - Acero Forjado Niquelado 127 mm - Uso Doméstico y Profesional - Serie Style,502200,78,3,0.02%,0.04%,119,4,0.02%,0.03%,92.66%,0.00%,5,0,6.41%,0.00%,"52,45 €","0,00 €",5,0
B07Z8TJHZR,B00LGX10MW,ARCOS Sacacorchos Manual Aleación de Zinc 195 mm,603400_,345,6,0.09%,0.07%,491,6,0.09%,0.05%,13.99%,0.00%,6,0,1.74%,0.00%,"109,50 €","0,00 €",5,0
B00VRZ1YJI,B00VRZ1YJI,Arcos Tijeras Modista Acero Forjado 190 mm - Uso Doméstico y Profesional - Niqueladas Plata - Serie Style,504300,28,1,0.01%,0.01%,41,1,0.01%,0.01%,94.87%,100.00%,5,1,17.86%,100.00%,"69,20 €","13,99 €",5,1
B00VRZ327A,B00VRZ327A,Arcos Tijeras Costura Acero Forjado 152 mm - Uso Doméstico y Profesional - Niqueladas Plata - Serie Style,502400,47,1,0.01%,0.01%,65,1,0.01%,0.01%,95.00%,100.00%,5,0,10.64%,0.00%,"59,95 €","0,00 €",5,0
B00VRZ3BMG,B00VRZ3BMG,Arcos Tijeras Costura Acero Forjado 140 mm - Uso Doméstico y Profesional - Niqueladas Plata - Serie Style,502300_,50,1,0.01%,0.01%,95,1,0.02%,0.01%,100.00%,0.00%,5,0,10.00%,0.00%,"54,95 €","0,00 €",5,0
B0189HXS8Q,B015QGR3CK,Arcos Serie Navajas Profesionales - Navaja Profesional - Hoja Filo de Acero Inoxidable NITRUM de 85 mm - Navaja de Acero Inoxidable Color amarillo,485900_fba,"1,257",45,0.32%,0.56%,"2,025",74,0.37%,0.63%,18.05%,35.71%,5,0,0.40%,0.00%,"36,25 €","0,00 €",5,0
B071VT3MC3,B071VT3MC3,"Arcos Tijeras Manicura Curva de Acero Forjado, Uso Profesional y Doméstico, 102 mm, Niqueladas en Plata, Serie Style",500600_,34,0,0.01%,0.00%,55,0,0.01%,0.00%,78.72%,0.00%,5,0,14.71%,0.00%,"54,95 €","0,00 €",5,0
B078GYCH1G,B078GYCH1G,Tenedor de marisco - 6 unid,20023,41,1,0.01%,0.01%,57,1,0.01%,0.01%,100.00%,100.00%,9,0,21.95%,0.00%,"112,87 €","0,00 €",5,0
B07DC9LM3W,B07DC9LM3W,"Arcos Cuchillo Panadero Profesional - Hoja Silk Edge 200 mm en Acero Inoxidable Nitrum, Corte Preciso y Duradero, Ideal para Pan y Pasteles, Diseño Elegante y Seguro, Serie Manhattan",161300_,43,2,0.01%,0.02%,66,5,0.01%,0.04%,75.86%,100.00%,5,0,11.63%,0.00%,"159,95 €","0,00 €",5,0
B0B3F4QXML,B07HY6FKNQ,Arcos Serie Clasica - Juego de Cuchillos de 7 piezas en Caja de Regalo (5 Cuchillos + 1 Tijeras + 1 Chaira) - Hoja de Acero Inoxidable Forjado NITRUM - Mango de Polioximetileno (POM) - Color marrón,854400_2,146,2,0.04%,0.02%,198,3,0.04%,0.03%,79.14%,0.00%,5,1,3.42%,50.00%,"736,95 €","144,99 €",5,1
B0BX5NPZFT,B07JHPQGPW,Arcos Riviera Blanc Juego 3 Cuchillos Forjados POM Blanco,807610_,"2,154",18,0.56%,0.22%,"2,753",24,0.50%,0.20%,48.71%,72.73%,5,0,0.23%,0.00%,"334,55 €","0,00 €",5,0
B07N8VQSVB,B07N8VQSVB,Arcos Serie Capri - Cubertería de 24 piezas en una Caja de Regalo (6 cuchillos + 12 cucharas + 6 tenedores) - Monoblock de una pieza en Acero Inoxidable Color Plata,587400_,683,13,0.18%,0.16%,"1,134",20,0.21%,0.17%,13.03%,10.00%,6,0,0.88%,0.00%,"443,94 €","0,00 €",5,0
B07N8VRS7L,B07N8VRS7L,Arcos Brooklyn Cuchillo Pelador Acero Inoxidable 100 mm,190123_,165,3,0.04%,0.04%,250,3,0.05%,0.03%,88.26%,0.00%,5,0,3.03%,0.00%,"142,45 €","0,00 €",5,0
B0BV37H1DN,B07N8W7718,Arcos Cuchillo Chef Forjado Acero Inoxidable Tamaño. Mango Profesional Micarta y BorSeda Especial con Hoja Plateada 250 mm. Impresiona yorprencon Cada Corte. Serie Brooklyn. Color Azul.,190823_,110,2,0.03%,0.02%,156,2,0.03%,0.02%,70.71%,100.00%,5,0,4.55%,0.00%,"264,95 €","0,00 €",5,0
B07N8W79GH,B07N8W79GH,Arcos Manhattan Cuchillo Tallado Acero Inoxidable Nitrum 300 mm,162300_,89,2,0.02%,0.02%,112,2,0.02%,0.02%,100.00%,100.00%,5,0,5.62%,0.00%,"178,83 €","0,00 €",5,0
B06XB92VRH,B07T6J5JWM,CUPERINOX Cafetera Italiana Induccion Espresso Acero Inoxidable 12 Tazas,25035_2,503,11,0.13%,0.14%,752,17,0.14%,0.14%,77.92%,100.00%,5,0,0.99%,0.00%,"140,00 €","0,00 €",5,0
B0843DFZH2,B0843DFZH2,Arcos Set 5 Cuchillos Forjados Acero Inoxidable Nitrum,235024,238,7,0.06%,0.09%,364,9,0.07%,0.08%,59.42%,100.00%,5,0,2.10%,0.00%,"634,95 €","0,00 €",5,0
B0843QFQB7,B0843QFQB7,Arcos Set Cuchillos 5 piezas Acero Inoxidable Nitrum. Cuchillo Cocina Profesional Afilado para Cortar Carne. Mango Ergonómico Polioximetileno POM. Serie Opera. Diseño Clásico. Color Negro.,227000,461,9,0.12%,0.11%,730,19,0.13%,0.16%,67.75%,93.33%,5,1,1.08%,11.11%,"675,67 €","132,29 €",5,1
B08VS4FCLN,B08CY5ZRD7,"Arcos Serie Maitre - Juego Cuchillo de cocina 4 piezas, (3 cuchillos + 1 tijeras) Hoja de Acero Inoxidable NITRUM 80 mm, Mango Polipropileno Negro",152610,413,5,0.11%,0.06%,501,6,0.09%,0.05%,99.13%,100.00%,5,2,1.21%,40.00%,"165,35 €","63,98 €",5,2
B09MSDJQJ1,B08M3B43J6,"Arcos | Juego Cuchillo Jamonero 3 Pzas | jamonero Acero Inoxidable (240 mm), afilador Chaira y Cubre jamón | Juego Cuchillos jamonero Profesional | Paleta ibérica | Eco",704300,496,9,0.13%,0.11%,665,10,0.12%,0.09%,100.00%,100.00%,5,0,1.01%,0.00%,"149,95 €","0,00 €",5,0
B08VRP7CR7,B08MTXC14T,Arcos Juego Cuchillos Carne | 6 Piezas | Cuchillos Carne Cuchillo chuleteros | Cubiertos Acero Inoxidable | Hoja 110 mm | Mango Redondo y Forma Ovalada | monobock | Caja Envase Ecológico (6 unidades),809900,101,2,0.03%,0.02%,159,2,0.03%,0.02%,99.27%,100.00%,9,0,8.91%,0.00%,"251,91 €","0,00 €",5,0
B08T5Z4HFS,B08QYV8C1P,"CUPERINOX Cubiertos para marisco | Pinzas para marisco | Tenazas para marisco | 6 Unidades | Cubiertos marisco (Cangrejo, Langosta, Ostras) | Tenedor de marisco con dos dientes inferiores y cuchara.",20023_6pzas,47,0,0.01%,0.00%,60,0,0.01%,0.00%,100.00%,0.00%,5,0,10.64%,0.00%,"50,65 €","0,00 €",5,0
B093313MH6,B093313MH6,Arcos | Cuchillo de deshuesar| Cuchillo deshuesador | cuchillo deshuesador jamón | cuchillo deshuesador (140 mm) Clásica| Envase Eco | cuchillo puntilla jamonero,256210_fba,"1,150",14,0.30%,0.17%,"1,561",24,0.28%,0.20%,99.56%,100.00%,5,1,0.43%,7.14%,"98,95 €","18,99 €",5,1
B09BVVKYWV,B09BVVKYWV,"CUPERINOX Navaja 5 en1 multiusos | Incluye Afilador Navaja| Funcion Abrebotella, rompecristales y corta cuerdas| Navaja Filo Liso y Sierra|",30060,182,0,0.05%,0.00%,258,0,0.05%,0.00%,97.78%,0.00%,5,0,2.75%,0.00%,"68,95 €","0,00 €",5,0
B06XB92VRH,B09LZ2VHYP,CUPERINOX Deluxe Cafetera Italiana Induccion Espresso Inoxidable 10 Tazas,25053FBM,408,10,0.11%,0.12%,490,10,0.09%,0.09%,100.00%,100.00%,5,0,1.23%,0.00%,"147,80 €","0,00 €",5,0
B09WYYY5MD,B09WYYY5MD,Arcos Nordika Cuchillo para Queso Acero Inoxidable Nitrum 125 mm,166100_us,67,3,0.02%,0.04%,85,4,0.02%,0.03%,94.81%,50.00%,5,0,7.46%,0.00%,"132,88 €","0,00 €",5,0
B0B464Q8VS,B0B464Q8VS,CUPERINOX® Kitchen Pro | Tijeras de Cocina Profesional 21 cm Tijeras de Trinchar Carne y Pescado Acero Inoxidable Mango Ergonómico Apto Lavavajillas,21981_,46,2,0.01%,0.02%,58,2,0.01%,0.02%,100.00%,100.00%,7,0,15.22%,0.00%,"69,93 €","0,00 €",5,0
B0D73CM824,B0D73CM824,"Arcos Cuchillo Mesa | Cuchillo Chuletero | Cuchillo Carne| Cuchillo de Mesa | Pack 12 Unidades| Hoja de Acero Inoxidable115 mm, Mango de Polipropileno Color Negro",740000,"1,377",20,0.36%,0.25%,"1,856",28,0.34%,0.24%,98.45%,78.57%,5,0,0.36%,0.00%,"154,95 €","0,00 €",5,0
B0DVT6KPDV,B0DT75PQN7,"CUPERINOX Kit Cocina Montessori | Cuchillos Niños Aprendizaje +2 Años | Set Completo de Cuchillos Infantiles de 17 Piezas | Incluye Tijeras, Moldes, Batidor, Tabla y Cuchillo Seguro",27017_,116,11,0.03%,0.14%,153,18,0.03%,0.15%,100.00%,100.00%,5,1,4.31%,9.09%,"92,66 €","19,29 €",5,1
B017HKJ4T8,B0044R87QE,Arcos Cuchillo Cocina Acero Inoxidable 200 mm,280604_,"6,385",132,1.65%,1.64%,"9,468",199,1.73%,1.69%,1.01%,6.84%,4,2,0.06%,1.52%,"82,62 €","40,98 €",4,2
B09337686H,B0044R884U,Arcos Universal Cuchillo Santoku Acero POM Negro 170 mm,286004,751,19,0.19%,0.24%,"1,168",27,0.21%,0.23%,27.13%,16.67%,4,0,0.53%,0.00%,"95,00 €","0,00 €",4,0
B07BDRM2H8,B005LR69ZC,Arcos Cuchillo de Queso Negro 145 mm,232800_,261,5,0.07%,0.06%,375,5,0.07%,0.04%,16.06%,0.00%,4,1,1.53%,20.00%,"151,92 €","37,99 €",4,1
B005LR749W,B005LR749W,"ARCOS Juego de Cubiertos de 24 Piezas para Mesa. Cuberterí­a Completa para 6 Personas. Set de 6 Cucharas, 6 Cuchillos, 6 Tenedores y 6 Cucharas de Postre. Serie Berlí­n. Color Plata",562400_fbm,445,5,0.11%,0.06%,669,8,0.12%,0.07%,46.97%,50.00%,5,0,1.12%,0.00%,"419,70 €","0,00 €",4,0
B007TS6GP4,B007TS6GP4,Arcos Juego de 6 Cuchillos de Mesa Chuleteros Acero Inoxidable 110 mm,815600--,69,1,0.02%,0.01%,114,1,0.02%,0.01%,61.39%,0.00%,4,0,5.80%,0.00%,"103,96 €","0,00 €",4,0
B07YM65C6J,B007TS6HMQ,ARCOS Pinza para Pescado Acero Inoxidable,605000_605010,540,17,0.14%,0.21%,762,18,0.14%,0.15%,85.01%,100.00%,4,2,0.74%,11.76%,"37,96 €","18,98 €",4,2
B0822MXSQQ,B00D3LF7EC, ,277000_fbm,516,22,0.13%,0.27%,804,35,0.15%,0.30%,23.86%,20.00%,4,1,0.78%,4.55%,"94,96 €","22,99 €",4,1
B0CGTXWSFY,B00J177VYQ,ARCOS Cuchillo de Electricista para Cortar Cables con Hoja de Acero Inoxidable 90 Mm y Mango ergonómico de Polipropileno. Utensilio Profesional para Instalaciones Eléctricas. Color Negro,227100,339,17,0.09%,0.21%,488,33,0.09%,0.28%,14.86%,31.03%,5,3,1.47%,17.65%,"45,10 €","26,97 €",4,2
B017HKSR4G,B00WUZRKJW,Arcos Cuchillos de Mesa - Hoja de Acero Inoxidable Nitrum 110 mm - Mango Ergonómico de Polipropileno - Ideal para Comedor - Color Crema - Serie Elegance,802900,645,12,0.17%,0.15%,767,13,0.14%,0.11%,95.37%,100.00%,10,0,1.55%,0.00%,"34,90 €","0,00 €",4,0
B071S7PMLT,B071S7PMLT,Arcos Nova Set 2 Cuchillos Peladores Acero Verde,189421,55,3,0.01%,0.04%,69,3,0.01%,0.03%,77.42%,0.00%,4,0,7.27%,0.00%,"33,96 €","0,00 €",4,0
B0B3CPHPXR,B07BQ5CCMD,ARCOS Sacacorchos Manual de ABS Aleación de Zinc,604700_,636,17,0.16%,0.21%,976,27,0.18%,0.23%,10.44%,14.29%,4,0,0.63%,0.00%,"136,13 €","0,00 €",4,0
B0B3F4QXML,B07JWJ5LDH,Arcos Serie Clasica - Juego de Cuchillos Chuleteros (6 piezas) - Acero Inoxidable Forjado NITRUM - Mango POM - Color Negro,_854500_,485,10,0.13%,0.12%,625,13,0.11%,0.11%,100.00%,100.00%,6,2,1.24%,20.00%,"444,04 €","143,62 €",4,1
B07N8Q63Z6,B07N8Q63Z6,Arcos Brooklyn Cuchillo para Tomates Forjado Acero Inoxidable Nitrum 130 mm,192023_,110,4,0.03%,0.05%,145,8,0.03%,0.07%,76.92%,85.71%,4,0,3.64%,0.00%,"121,52 €","0,00 €",4,0
B07NDV5T2F,B07NDV5T2F,Arcos Serie Brooklyn - Cuchillo Cocinero - Hoja de Acero Inoxidable Forjado NITRUM 210 mm - Mango de Micarta Color Azul (Filo Seda),190623_fbm,69,0,0.02%,0.00%,111,0,0.02%,0.00%,97.03%,0.00%,4,0,5.80%,0.00%,"183,96 €","0,00 €",4,0
B08TLR4Z27,B08M3YG4R1,Arcos jamonero Profesional | Cuchillo jamonero jamonero Inoxidable Nitrum | Mango Negro | Cuchillo Jamon iberico | Serie Maitre| Hoja Flexible y Filo Liso | 275 mm | Acero Inoxidable NITRUM,704200_fbm,105,0,0.03%,0.00%,135,0,0.02%,0.00%,100.00%,0.00%,4,0,3.81%,0.00%,"87,96 €","0,00 €",4,0
B08T5Z4HFS,B08QYV8C1P,"CUPERINOX Cubiertos para marisco | Pinzas para marisco | Tenazas para marisco | 6 Unidades | Cubiertos marisco (Cangrejo, Langosta, Ostras) | Tenedor de marisco con dos dientes inferiores y cuchara.",20023_6Unidades,47,0,0.01%,0.00%,60,0,0.01%,0.00%,100.00%,0.00%,4,0,8.51%,0.00%,"47,96 €","0,00 €",4,0
B06XB92VRH,B09LYXZKTZ,CUPERINOX Deluxe Cafetera Italiana Induccion Espresso Inoxidable 4 Tazas,25051,198,6,0.05%,0.07%,281,10,0.05%,0.09%,90.95%,0.00%,4,0,2.02%,0.00%,"99,96 €","0,00 €",4,0
B09MSDJQJ1,B09MM5CH6C,Arcos jamonero profesional alveolos | incluye pinza para jamón | cuchillo jamonero cuchillo jamonero alveolos cuchillos profesional| Acero Inoxidable Nitrum 240 mm,856200,194,1,0.05%,0.01%,248,1,0.05%,0.01%,98.63%,100.00%,4,0,2.06%,0.00%,"119,96 €","0,00 €",4,0
B09WYWVGCS,B09WYWVGCS,Arcos Clara Juego 3 Cuchillos Forjados Acero Inoxidable Nitrum,212000_819010,133,3,0.03%,0.04%,176,4,0.03%,0.03%,87.43%,100.00%,4,0,3.01%,0.00%,"199,96 €","0,00 €",4,0
B0CVH8PC99,B0CQTKPL63,CUPERINOX Cuchillos Carne | Cuchillos Mesa | Cuchillos Chuleteros | 24 Piezas | Hoja Serrada | Mango Polipropileno | Acero Inoxidable | 11 cm,99901_24pzs,85,7,0.02%,0.09%,121,11,0.02%,0.09%,100.00%,100.00%,6,1,7.06%,14.29%,"119,94 €","19,99 €",4,1
B0CYTKGNPM,B0CW66H3TR,Pelador de Tomate ARCOS - Hoja Serrada de Acero Inoxidable | Mango Ergonómico | Ideal para Tomates,607420,"1,263",26,0.33%,0.32%,"1,341",27,0.24%,0.23%,95.45%,100.00%,4,0,0.32%,0.00%,"31,96 €","0,00 €",4,0
B0DPKXM18X,B0DNQX2BZN,"CUPERINOX Soporte Jamonero Plegable | Jamonero Giratorio | Jamonero de Bambú con Cuchillo Profesional, Afilador y Funda para Jamón | Elite Collection",20270_,"1,232",33,0.32%,0.41%,"2,086",53,0.38%,0.45%,99.79%,100.00%,4,1,0.32%,3.03%,"199,96 €","49,99 €",4,1
B0DPKXM18X,B0DNQXN97X,CUPERINOX Soporte Jamonero Inoxidable | Jamonero Plegable | Jamonero Giratorio | Jamonero Profesional | Cuchillo Jamonero Profesional y Afilador,20250_fbm,133,4,0.03%,0.05%,192,4,0.03%,0.03%,97.02%,100.00%,4,0,3.01%,0.00%,"259,96 €","0,00 €",4,0
B0189HXASY,B005LR6C7C,Arcos Cuchillo Cocina Acero Inoxidable Negro 180 mm,233500,565,8,0.15%,0.10%,840,10,0.15%,0.09%,40.80%,40.00%,3,0,0.53%,0.00%,"104,97 €","0,00 €",3,0
B0189HXASY,B005LR6C7C,Arcos Cuchillo Cocina Acero Inoxidable Negro 180 mm,233500_,565,8,0.15%,0.10%,840,10,0.15%,0.09%,40.80%,40.00%,3,0,0.53%,0.00%,"101,97 €","0,00 €",3,0
B017HKHR92,B005LR6H5O,Arcos Cuchillo Chef Forjado Acero Inoxidable. Cuchillo Cocina Profesional Multiusos Cortar Carne y Verduras. Mango Ergonómico Polioximetileno y Hoja 300mm. Serie Riviera. Color Negro.,233800_,246,10,0.06%,0.12%,290,11,0.05%,0.09%,41.02%,0.00%,3,0,1.22%,0.00%,"179,97 €","0,00 €",3,0
B0B3F4QXML,B008U6TDTK,Arcos Serie Clasica - Juego de Cuchillos de 5 piezas en Caja de Regalo (5 Cuchillos) - Hoja de Acero Inoxidable Forjado NITRUM - Mando de Polioximetileno (POM) - Bloque de madera color marrón acabado lacado,257000_2,573,24,0.15%,0.30%,761,29,0.14%,0.25%,96.52%,95.65%,3,0,0.52%,0.00%,"404,97 €","0,00 €",3,0
B0BQDHLWRL,B008U6TRGO,"Arcos Cuchillos mesa - Cuchillo carne Acero Inoxidable Nitrum, Hoja, mango marrón madera -erie Mesa, duradero y apto para lavavajillas (7'')",809300_1Pieza,150,3,0.04%,0.04%,239,4,0.04%,0.03%,55.71%,0.00%,8,0,5.33%,0.00%,"39,92 €","0,00 €",3,0
B07BDVLDBZ,B00BHZPHSC,Arcos Riviera Blanc Cuchillo Jamonero Forjado Acero POM Blanco 250 mm,231024_,116,3,0.03%,0.04%,171,5,0.03%,0.04%,43.08%,0.00%,3,0,2.59%,0.00%,"100,47 €","0,00 €",3,0
B00CWZOIIQ,B00CWZOIIQ,"Arcos Cuchillos Mesa - Cuchillo Carne Mesa - Monobloque unaola pieza Acero Inoxidable 4"" - Corta chuletas o bistecs con precisión, facilidad y rapidez -erie Monobloque - Color Plateado",375500_1pza_fbm,65,2,0.02%,0.02%,110,3,0.02%,0.03%,78.13%,100.00%,6,0,9.23%,0.00%,"38,94 €","0,00 €",3,0
B0752TTMS8,B00D3LFAEE,Arcos Chairas - Chaira Afilador Manual de Cuchillos - Cuerpo Ovalado de Acero al Carbono Recubierto de Diamante de 280 mm y 17 mm de diámetro - Mango Polipropileno Color Negro,279200,"1,193",27,0.31%,0.33%,"1,734",47,0.32%,0.40%,4.59%,19.23%,3,0,0.25%,0.00%,"119,97 €","0,00 €",3,0
B00U2QWO1K,B00U2QWO1K,Arcos Latina Cuchillo Chuletero Acero Inoxidable 105 mm,100400_1pieza,477,6,0.12%,0.07%,692,8,0.13%,0.07%,14.54%,37.50%,19,0,3.98%,0.00%,"71,25 €","0,00 €",3,0
B017HKI11U,B017DEWUDK,Arcos Cuchillo Acero Inoxidable 300 mm,233824_,92,1,0.02%,0.01%,125,1,0.02%,0.01%,29.57%,0.00%,3,0,3.26%,0.00%,"179,97 €","0,00 €",3,0
B0DQV6381X,B079VN4MTH,CUPERINOX Jamonero de Madera Góndola Soporte para Pata y Paleta de jamón Serrano e ibérico con agarres de Metal Jamonera Economica,20200_us,323,6,0.08%,0.07%,353,7,0.06%,0.06%,92.31%,100.00%,3,0,0.93%,0.00%,"43,47 €","0,00 €",3,0
B09CH5GZ4J,B07D8WQ355,Arcos Serie Manhattan - Cuchillo Cocinero - Hoja de Acero Inoxidable Forjado Nitrum 210 mm - Mango de Polioximetileno (POM) Color Negro - Filo Seda,160600,335,12,0.09%,0.15%,489,16,0.09%,0.14%,98.42%,100.00%,3,0,0.90%,0.00%,"110,97 €","0,00 €",3,0
B096ZTPPBG,B07DQRFDMB,Arcos Manhattan Cuchillo Santoku Forjado Acero POM Negro 190 mm,161600_,157,0,0.04%,0.00%,232,0,0.04%,0.00%,85.05%,0.00%,3,0,1.91%,0.00%,"101,03 €","0,00 €",3,0
B0BV37H1DN,B07N8TNDRV,Arcos Brooklyn Cuchillo Chef Forjado Acero Inoxidable 150 mm,190423_,122,5,0.03%,0.06%,160,7,0.03%,0.06%,70.07%,100.00%,3,0,2.46%,0.00%,"119,97 €","0,00 €",3,0
B07N8WXGW7,B07N8WXGW7,Arcos Brooklyn - Cuchillo de Lenguado Cuchillo para Pescado - Acero Inoxidable Forjado NITRUM 170 mm - Mango Micarta Color Azul (Filo Seda),191423_,49,1,0.01%,0.01%,64,1,0.01%,0.01%,94.83%,100.00%,3,1,6.12%,100.00%,"107,97 €","35,99 €",3,1
B0843V9Z1W,B0843V9Z1W,Arcos Cuchillo Santoku Acero Inoxidable Nitrum y Hoja 190 mm. Mango ergonómico polioximetileno POM. Diseño clásico y acabado redondeado gran belleza yolidez. Serie Opera. Color negro.,229900_fba,66,0,0.02%,0.00%,123,0,0.02%,0.00%,91.82%,0.00%,3,0,4.55%,0.00%,"108,97 €","0,00 €",3,0
B089M821V5,B089M821V5,Arcos Cuchillos Carne | 6 pzas | Cuchillos chuleteros Set Cuchillo de Mesa Sierra | Mango Madera | Hoja 110 mm | Cuchillos Carne Mesa | Apto lavavajillas | Envase Carton | Ecologico,815500_,"1,429",21,0.37%,0.26%,"1,969",26,0.36%,0.22%,98.43%,100.00%,4,0,0.28%,0.00%,"119,96 €","0,00 €",3,0
B08G8QCM5H,B08G8QCM5H,ARCOS cuchillo pelador | 6 PIEZAS | cuchillo de pelar | cuchillos pelar patatas | Hoja 100 mm | Negro | cuchillo arcos pelador Acero Inoxidable,816500,"2,255",33,0.58%,0.41%,"2,960",38,0.54%,0.32%,99.96%,100.00%,5,4,0.22%,12.12%,"88,95 €","69,96 €",3,2
B08WR6CHHN,B08JC8DSP6,Arcos Cuchillos Chuleteros cuchillos chuleteros acero inoxidable filo liso juego cuchillos chuleteros | 6 PZAS cuchillo chuletero | Hoja 110 mm |cuchillos carne Envase Eco,815800_,57,1,0.01%,0.01%,80,1,0.01%,0.01%,100.00%,100.00%,3,0,5.26%,0.00%,"119,97 €","0,00 €",3,0
B08M9QRSW8,B08M9QRSW8,Arcos | Juego Cuchillos cuchillos mesa | 6 Uds | cuchillo fruta | cuchillo postre | Hoja 110 mm | Acero Inoxidable Martensítico | Mango Nylon | apto lavavajillas | Envase Ecológico,703600fbm,84,1,0.02%,0.01%,127,1,0.02%,0.01%,99.09%,0.00%,5,3,5.95%,300.00%,"53,65 €","29,67 €",3,1
B08Y8NS7PN,B08XZ8X815,"Arcos serie Maitre - juego de Cuchillos, 2 Pza, Cuchillo Cocina Profesional 150mm + Cuchillo universal 100mm, Acero Inoxidable, Rosa, Eco",814600_fmb,120,3,0.03%,0.04%,163,3,0.03%,0.03%,98.65%,0.00%,3,0,2.50%,0.00%,"53,97 €","0,00 €",3,0
B08ZNM265D,B08ZNM265D,Arcos | cuchillos de mesa cuchillo mesa tradicional | 6 Piezas cuchillo chuletero | mango nailon | Envase Eco | Fabricado en España,704400,114,4,0.03%,0.05%,208,9,0.04%,0.08%,26.55%,100.00%,3,0,2.63%,0.00%,"80,97 €","0,00 €",3,0
B09KJLG7BT,B098TFPYLY,CUPERINOX Jamonero profesional Gondola | tabla jamon | Cuchillo Jamonero Alveolos Acero Inox + Cubre Jamón Universal | Set cortar jamón (3 PZAS) | Sujeta jamones | tabla jamonero,20228_,369,7,0.10%,0.09%,532,13,0.10%,0.11%,100.00%,100.00%,3,0,0.81%,0.00%,"104,97 €","0,00 €",3,0
B09KJLG7BT,B098XWCFXT,CUPERINOX Jamonero Profesional | soporte de jamon | 5 Piezas | tabla jamonera | soporte jamonero | Kit Jamonero (tabla + cuchillo + afilador + pinza + cubre jamon,20229FBM,244,4,0.06%,0.05%,318,8,0.06%,0.07%,99.65%,100.00%,3,1,1.23%,25.00%,"139,38 €","46,46 €",3,1
B09MSDJQJ1,B09MM5CH6C,Arcos jamonero profesional alveolos | incluye pinza para jamón | cuchillo jamonero cuchillo jamonero alveolos cuchillos profesional| Acero Inoxidable Nitrum 240 mm,856200FBM,194,1,0.05%,0.01%,248,1,0.05%,0.01%,98.63%,100.00%,3,0,1.55%,0.00%,"76,02 €","0,00 €",3,0
B09NRLLDC6,B09NRLLDC6,CUPERINOX Cuchillo Jamonero + Chaira + Funda Cubre Jamón | Jamonero 240mm acero inoxidable| Afilador Chaira | Funda cubre jamón,20220,113,1,0.03%,0.01%,149,1,0.03%,0.01%,100.00%,0.00%,3,0,2.65%,0.00%,"27,97 €","0,00 €",3,0
B0CVH8PC99,B0CQRMMMR5,CUPERINOX Cuchillos Carne | Cuchillos Mesa | Cuchillos Chuleteros | 6 Piezas | Hoja Serrada | Mango Polipropileno | Acero Inoxidable | 11 cm,99921,120,3,0.03%,0.04%,146,5,0.03%,0.04%,98.53%,100.00%,3,0,2.50%,0.00%,"29,97 €","0,00 €",3,0
B0CVH8PC99,B0CQRMMMR5,CUPERINOX Cuchillos Carne | Cuchillos Mesa | Cuchillos Chuleteros | 6 Piezas | Hoja Serrada | Mango Polipropileno | Acero Inoxidable | 11 cm,99901_6pzs,120,3,0.03%,0.04%,146,5,0.03%,0.04%,98.53%,100.00%,3,0,2.50%,0.00%,"29,97 €","0,00 €",3,0
B0CVH8PC99,B0CQTKPL63,CUPERINOX Cuchillos Carne | Cuchillos Mesa | Cuchillos Chuleteros | 24 Piezas | Hoja Serrada | Mango Polipropileno | Acero Inoxidable | 11 cm,99923,85,7,0.02%,0.09%,121,11,0.02%,0.09%,100.00%,100.00%,3,2,3.53%,28.57%,"56,50 €","36,51 €",3,2
B0DT6ZPGVQ,B0DT6ZPGVQ, ,27008,25,4,0.01%,0.05%,47,11,0.01%,0.09%,100.00%,100.00%,3,1,12.00%,25.00%,"37,89 €","9,91 €",3,1
B0B8Z4Z1ZS,B0044R87I2,Arcos Conjunto Cuchillos 4 piezas (3 Cuchillos + 1 tijeras). Acero Inoxidable y Hoja mm. 1670 gr. Bloque madera pino. Mango ergonómico polioximetileno POM. Serie Universal. Mayor control. Color negro.,285000_us,441,10,0.11%,0.12%,638,13,0.12%,0.11%,84.78%,66.67%,2,0,0.45%,0.00%,"109,98 €","0,00 €",2,0
B017HKJKNI,B0044R87UA,Arcos Cuchillo Jamonero con Alveolos Acero Inoxidable 240mm,281801_,"2,406",59,0.62%,0.73%,"3,970",92,0.72%,0.78%,1.01%,1.47%,2,1,0.08%,1.69%,"39,81 €","19,49 €",2,1
B0822MXSQQ,B005LR6T48, ,276900_fbm,18,1,0.00%,0.01%,24,1,0.00%,0.01%,68.42%,0.00%,2,0,11.11%,0.00%,"36,98 €","0,00 €",2,0
B005LR6TTS,B005LR6TTS,Arcos Cuchillo tallado Acero Inoxidable. Cuchillo para cortar jamón y carne. Mango ergonómico polioximetileno y Hoja 250 mm. Serie Regia. Color negro/oro.,170600_fbm,213,9,0.06%,0.11%,311,9,0.06%,0.08%,25.18%,28.57%,2,0,0.94%,0.00%,"49,90 €","0,00 €",2,0
B0752SPHL9,B005LR6W8Q,Arcos Maitre Set 5 Cuchillos Acero Inoxidable Nitrum,152000_,269,5,0.07%,0.06%,421,11,0.08%,0.09%,53.95%,80.00%,2,0,0.74%,0.00%,"123,98 €","0,00 €",2,0
B017HKRCGK,B005LR7C44,ARCOS Bolsa Portacuchillos 12 Piezas Poliéster 730x510mm,690500_,792,11,0.20%,0.14%,"1,008",12,0.18%,0.10%,10.71%,0.00%,2,0,0.25%,0.00%,"55,88 €","0,00 €",2,0
B017HKJOF2,B006LMX2GK,Arcos Cuchillo Jamonero Acero Inoxidable Forjado Nitrum 280 mm,281904,464,8,0.12%,0.10%,627,12,0.11%,0.10%,8.03%,25.00%,2,0,0.43%,0.00%,"34,98 €","0,00 €",2,0
B07BDQGV6Y,B006LMX2HO,"Arcos Cuchillo Rebanar/Jamón Acero Inoxidable Nitrum 11""",282004_,374,12,0.10%,0.15%,474,16,0.09%,0.14%,6.83%,7.69%,2,0,0.53%,0.00%,"31,94 €","0,00 €",2,0
B017HKJC2W,B007TS67GW,Arcos Cuchillo Cocina Acero Inoxidable 150 mm,281304_,197,3,0.05%,0.04%,308,4,0.06%,0.03%,7.86%,0.00%,2,0,1.02%,0.00%,"29,98 €","0,00 €",2,0
B017HKJ4T8,B007TS67OY,Arcos Cuchillo Chef Acero Inoxidable 155 mm,280404_fbm,931,29,0.24%,0.36%,"1,414",48,0.26%,0.41%,9.75%,14.29%,2,0,0.21%,0.00%,"32,98 €","0,00 €",2,0
B017HKJ4T8,B007TS67P8,Arcos Cuchillo Chef Acero Inoxidable 175 mm,280504_,641,16,0.17%,0.20%,827,20,0.15%,0.17%,7.10%,0.00%,2,0,0.31%,0.00%,"34,98 €","0,00 €",2,0
B017HKJ4T8,B007TS67Q2,Arcos Cuchillo Chef Acero Inoxidable 120 mm,280304,"1,089",37,0.28%,0.46%,"1,630",54,0.30%,0.46%,1.27%,2.78%,2,0,0.18%,0.00%,"26,42 €","0,00 €",2,0
B017HKKKIC,B007TS68IO,Arcos Universal Cuchillo Carnicero Deshuesador Acero Inoxidable 180 mm,288300_fbm,96,5,0.02%,0.06%,119,6,0.02%,0.05%,52.63%,0.00%,2,0,2.08%,0.00%,"61,98 €","0,00 €",2,0
B007TS6G9U,B007TS6G9U,Arcos Juego de Cuchillos Cocina y Tijeras,285600,224,5,0.06%,0.06%,304,5,0.06%,0.04%,44.33%,40.00%,2,0,0.89%,0.00%,"249,98 €","0,00 €",2,0
B007TS6GFO,B007TS6GFO,Arcos Universal Juego 5 Cuchillos Nitrum Bloque Pino POM Negro,285700_,528,14,0.14%,0.17%,798,20,0.15%,0.17%,47.00%,18.18%,2,0,0.38%,0.00%,"209,80 €","0,00 €",2,0
B007TS6GP4,B007TS6GP4,Arcos Juego de 6 Cuchillos de Mesa Chuleteros Acero Inoxidable 110 mm,702300_2,69,1,0.02%,0.01%,114,1,0.02%,0.01%,61.39%,0.00%,2,0,2.90%,0.00%,"51,98 €","0,00 €",2,0
B0895RNY35,B007TS6HDA,ARCOS Descorazonador de Manzanas Acero Inoxidable Nitrum 75 mm,612300,32,1,0.01%,0.01%,46,1,0.01%,0.01%,76.19%,100.00%,2,0,6.25%,0.00%,"16,98 €","0,00 €",2,0
B08XYXGSYG,B00BHZPO3K,Arcos Cuchillo para Queso Acero Inoxidable NITRUM 145 mm,281604_fbm,431,12,0.11%,0.15%,654,20,0.12%,0.17%,4.86%,11.11%,2,0,0.46%,0.00%,"41,50 €","0,00 €",2,0
B00D3LDXPM,B00D3LDXPM,ARCOS Abrelatas Manual Aleación de Zinc Plata-Negro 160 mm,603600,203,17,0.05%,0.21%,294,26,0.05%,0.22%,9.58%,28.57%,2,2,0.99%,11.76%,"33,98 €","33,98 €",2,2
B00PKFXWJQ,B00PKFXWJQ,Arcos Serie Cuchillos de Mesa - Cuchillo Mesa - Hoja Serrada de Acero Inoxidable NITRUM de 125 mm - Mango Polipropileno Color crema,370200_1Pieza,87,0,0.02%,0.00%,112,0,0.02%,0.00%,99.07%,0.00%,5,0,5.75%,0.00%,"17,45 €","0,00 €",2,0
B00VRWR53K,B00VRWR53K,"Arcos Serie Universal, Macheta Cuchillo Carnicero, Hoja de Acero Inoxidable Nitrum 180 mm, Mango de Polioximetileno, Pom Color Negro",288100_,53,1,0.01%,0.01%,79,1,0.01%,0.01%,100.00%,100.00%,2,0,3.77%,0.00%,"77,98 €","0,00 €",2,0
B017DLDQXQ,B017DLDQXQ,"Arcos Serie Latina, Cuchillo jamonero, Hoja de 250 mm, Mango Madera",101300_fbm,41,0,0.01%,0.00%,51,0,0.01%,0.00%,87.23%,0.00%,2,0,4.88%,0.00%,"18,98 €","0,00 €",2,0
B09F9M72Z9,B017DLNFNC,Arcos Cuchillos de Mesa - Cuchillo Chuletero Cuchillo de Mesa - Hoja de Acero Inoxidable NITRUM 110 mm - Mango de Polipropileno - Color Negro,805109_1pieza,37,0,0.01%,0.00%,54,0,0.01%,0.00%,97.78%,0.00%,7,0,18.92%,0.00%,"27,93 €","0,00 €",2,0
B071LGMGHG,B071LGMGHG,Arcos Tijeras de Manicura Rectas de Acero Forjado 102 mm - Uso Profesional y Doméstico - Niqueladas Plata - Serie Style,501100,71,0,0.02%,0.00%,110,0,0.02%,0.00%,17.71%,0.00%,2,0,2.82%,0.00%,"19,98 €","0,00 €",2,0
B072BX31NV,B072BX31NV,Arcos Juego 6 Cuchillos de Mesa Nitrum Acero Crema 105 mm,703500__,36,1,0.01%,0.01%,54,1,0.01%,0.01%,95.74%,0.00%,2,0,5.56%,0.00%,"23,98 €","0,00 €",2,0
B0752VKJ4B,B072FGV2YH,Arcos Juego de 6 Cuchillos Mondadores Acero Inoxidable 100 mm,189100_2,"6,145",171,1.59%,2.12%,"9,155",285,1.67%,2.42%,0.57%,2.48%,2,1,0.03%,0.58%,"34,24 €","16,99 €",2,1
B077V7LJJM,B077V7LJJM,"Arcos Serie Riviera, Set Jamonero de 3 piezas, 1 Cuchillo Jamonero + 1 Deshuesador + 1 Chaira, Hoja de Acero Inoxidable Forjado Nitrum, Mango de Polioximetileno, POM, Color Negro",_806911_,44,0,0.01%,0.00%,79,0,0.01%,0.00%,91.18%,0.00%,2,0,4.55%,0.00%,"139,98 €","0,00 €",2,0
B07B8MQZTW,B07B8MQZTW,Arcos Serie Riviera Rose - Cuchillo Mondador - Hoja de Acero Inoxidable Forjado NITRUM 100 mm - Mango de Polioximetileno (POM) Color Rosa,230254,33,0,0.01%,0.00%,61,0,0.01%,0.00%,96.08%,0.00%,2,0,6.06%,0.00%,"37,98 €","0,00 €",2,0
B07C7YV74X,B07C7YV74X,Arcos Manhattan Cuchillo Trinchar Acero Jamón y Carne 250 mm,161900_,53,2,0.01%,0.02%,66,4,0.01%,0.03%,81.36%,33.33%,2,0,3.77%,0.00%,"70,56 €","0,00 €",2,0
B07G75VRY2,B07G75VRY2,"Arcos Serie Cuchillos de Mesa Caja 12 uds Cuchillo Chuletero, Hoja Serrada de Acero Inoxidable de 110 mm, Cuchillo Monoblock Acero Inoxidable Color plata (12 UDS)",375800_(809900x2),81,4,0.02%,0.05%,123,5,0.02%,0.04%,93.52%,100.00%,2,1,2.47%,25.00%,"98,00 €","49,00 €",2,1
B07JJGXYZD,B07JJGXYZD,Arcos Set Cocina Serie Manhattan,858100_,577,12,0.15%,0.15%,825,13,0.15%,0.11%,91.69%,100.00%,2,0,0.35%,0.00%,"165,98 €","0,00 €",2,0
B07JWG12BV,B07JWG12BV,Arcos Riviera Set 3 Cuchillos Forjados Acero Inoxidable Nitrum,807710_,298,1,0.08%,0.01%,463,1,0.08%,0.01%,46.88%,0.00%,2,0,0.67%,0.00%,"132,28 €","0,00 €",2,0
B07N8V3SNH,B07N8V3SNH,"Arcos Cuchillo Tomate Forjado Acero Inoxidable 130 mm - Mango Ergonómico POM Negro, Borde Serrado para Rebanadas Perfectas - Serie Manhattan, Calidad Profesional",162000_,47,1,0.01%,0.01%,69,1,0.01%,0.01%,84.13%,0.00%,2,0,4.26%,0.00%,"49,98 €","0,00 €",2,0
B07N8VRS7L,B07N8VRS7L,Arcos Brooklyn Cuchillo Pelador Acero Inoxidable 100 mm,190123,165,3,0.04%,0.04%,250,3,0.05%,0.03%,88.26%,0.00%,2,0,1.21%,0.00%,"56,98 €","0,00 €",2,0
B07YXBGV8C,B07YXBGV8C,Arcos Riviera Blanc Set 3 Cuchillos Forjados Acero Inoxidable Nitrum,807511_,70,6,0.02%,0.07%,108,9,0.02%,0.08%,90.91%,100.00%,2,1,2.86%,16.67%,"116,68 €","59,99 €",2,1
B0843DNN57,B0843DNN57,Arcos Set Cuchillos Forjados 4 piezas (3 Cuchillos + 1 tijeras) - Acero Inoxidable Forjado NITRUM - Mango Micarta - Bloques Madera Color Azul. Serie Brooklyn. Impresiona yorprencon Cada Corte.,194000,947,10,0.24%,0.12%,"1,232",16,0.22%,0.14%,97.63%,100.00%,2,0,0.21%,0.00%,"219,98 €","0,00 €",2,0
B0843SLMDX,B0843SLMDX,Arcos Cuchillo Chef Acero Inoxidable. Cuchillo cocina profesional multipropósito para cortar y limpiar verduras. Mango ergonómico polioximetileno y Hoja 230 mm. Serie Opera. Color negro.,225200_fbm,34,1,0.01%,0.01%,52,1,0.01%,0.01%,95.56%,100.00%,2,0,5.88%,0.00%,"81,97 €","0,00 €",2,0
B08LVZCG23,B08LVZCG23,Arcos Juego de Cuchillos de Cocina Rosa | 3 pz | Cuchillo Chef para pelar Verduras | Edición Limitada | Solidaria,814500_fba,"1,869",16,0.48%,0.20%,"2,567",24,0.47%,0.20%,99.24%,100.00%,2,0,0.11%,0.00%,"59,98 €","0,00 €",2,0
B08TLR4Z27,B08M3DQFHM,Arcos jamonero Profesional | Cuchillo jamonero jamonero Inoxidable Nitrum | Mango Negro | Cuchillo Jamon iberico | Serie Maitre| Hoja Flexible y Filo Liso | 275 mm | Acero Inoxidable NITRUM,151210_fbm,69,1,0.02%,0.01%,86,1,0.02%,0.01%,100.00%,0.00%,2,0,2.90%,0.00%,"30,98 €","0,00 €",2,0
B08M99RZRV,B08M99RZRV,Arcos | Cuchillo Jamonero Cuchillo deshuesador | 2 Uds | Set cuchillos jamoneros 250 mm y cuchillo deshuesador (140 mm) jamonero profesional | cuchillo carnicero profesional | Eco,703800fbm,"1,239",17,0.32%,0.21%,"1,559",24,0.28%,0.20%,99.58%,100.00%,2,0,0.16%,0.00%,"79,98 €","0,00 €",2,0
B08ZNM265D,B08ZNM265D,Arcos | cuchillos de mesa cuchillo mesa tradicional | 6 Piezas cuchillo chuletero | mango nailon | Envase Eco | Fabricado en España,704400_fba,114,4,0.03%,0.05%,208,9,0.04%,0.08%,26.55%,100.00%,2,0,1.75%,0.00%,"53,98 €","0,00 €",2,0
B095SDL23Y,B095SDL23Y,Arcos | cuchillos de mesa (6 ud) | cuchillos acero inoxidable con sierra cuchillo chuletero cuchillos chuleteros | Fabricado en España,813000_fbm,867,17,0.22%,0.21%,"1,263",26,0.23%,0.22%,99.64%,100.00%,3,3,0.35%,17.65%,"47,41 €","47,41 €",2,2
B09DPRCMTF,B0987MG3JQ,Arcos Juego Cuchillos Carne | Cuchillo chuleteros | Cuchillos Carne Cuchillos Mesa | 6 Uds | Hoja 110 mm | Acero Inoxidable | Mango Nylon | Apto lavavajillas | Envase Ecológico (Filo Liso),814200_fba,132,2,0.03%,0.02%,155,2,0.03%,0.02%,100.00%,100.00%,2,0,1.52%,0.00%,"39,98 €","0,00 €",2,0
B06XB92VRH,B09LYZ5G5S,CUPERINOX Deluxe Cafetera Italiana Induccion Espresso Inoxidable 6 Tazas,25052,223,6,0.06%,0.07%,266,7,0.05%,0.06%,99.58%,0.00%,2,0,0.90%,0.00%,"59,98 €","0,00 €",2,0
B06XB92VRH,B09LZ2VHYP,CUPERINOX Deluxe Cafetera Italiana Induccion Espresso Inoxidable 10 Tazas,25053,408,10,0.11%,0.12%,490,10,0.09%,0.09%,100.00%,100.00%,2,0,0.49%,0.00%,"69,98 €","0,00 €",2,0
B09WYZHGQF,B09WYZHGQF,Arcos Nordika Juego 3 Cuchillos para Queso Acero Inoxidable Nitrum,167200_us,93,3,0.02%,0.04%,146,3,0.03%,0.03%,58.65%,0.00%,2,0,2.15%,0.00%,"132,20 €","0,00 €",2,0
B0BJPYW95J,B0BJPYW95J,Arcos Accesorios - Sacacorchos Manual Abrebotellas Manual - Mango de Aleación de Zinc - Color Negro mate (Incluye cortacápsulas),607500,43,1,0.01%,0.01%,69,2,0.01%,0.02%,100.00%,100.00%,2,0,4.65%,0.00%,"79,98 €","0,00 €",2,0
B0C49YDKL4,B0C49YDKL4,Arcos Serie Nordika - Cuchillo Usuba - Acero Inoxidable NITRUM - Hoja de 175 mm - Mango de Madera Ovengkol 100% natural de bosques certificados FSC® - Embalaje 100% reciclado,168000,97,1,0.03%,0.01%,145,1,0.03%,0.01%,63.33%,100.00%,2,0,2.06%,0.00%,"89,98 €","0,00 €",2,0
B0CS6V91GR,B0CS6V91GR,CUPERINOX® Cuchillos de Mesa con Mango de Madera – Set 6 Cuchillos para Carne con Filo Dentado – Estilo Palmadera tradicional – Aptos para Uso Diario,14015_us,34,0,0.01%,0.00%,52,0,0.01%,0.00%,94.00%,0.00%,2,0,5.88%,0.00%,"29,98 €","0,00 €",2,0
B0DNNKT1W2,B0DNNJCHQP,"Cuperinox-Tetera de Cristal con Infusor para Té e Infusiones, Resistente al Calor y Compatible con Microondas ** - Infusion Prestige Collection (950 ml)",26113_,381,19,0.10%,0.24%,508,22,0.09%,0.19%,96.43%,100.00%,3,0,0.79%,0.00%,"59,97 €","0,00 €",2,0
B0DVT6KPDV,B0DT75PQN7,"CUPERINOX Kit Cocina Montessori | Cuchillos Niños Aprendizaje +2 Años | Set Completo de Cuchillos Infantiles de 17 Piezas | Incluye Tijeras, Moldes, Batidor, Tabla y Cuchillo Seguro",27017,116,11,0.03%,0.14%,153,18,0.03%,0.15%,100.00%,100.00%,3,3,2.59%,27.27%,"59,97 €","59,97 €",2,2
B000Q8UYRK,B000Q8UYRK,Arcos Cuchillo Jamonero Acero Inoxidable Forjado Nitrum 300 mm,256800_fbm,69,5,0.02%,0.06%,95,9,0.02%,0.08%,60.47%,100.00%,1,0,1.45%,0.00%,"28,49 €","0,00 €",1,0
B017HKG9PK,B0044R87YQ,Arcos Cuchillo para Maitre Negro 100 mm,150500_pp,861,19,0.22%,0.24%,"1,234",35,0.22%,0.30%,0.27%,0.00%,1,0,0.12%,0.00%,"9,95 €","0,00 €",1,0
B017HKG9PK,B0044R87ZA,Arcos Cuchillo Mondador de Acero Inoxidable. Cuchillo Cocina Profesional para Pelar Frutas y Verduras. Mango Ergonómico Polioximetileno y Hoja 150mm. Serie Maitre. Color Negro.,150700_,878,22,0.23%,0.27%,"1,238",29,0.23%,0.25%,2.34%,0.00%,1,0,0.11%,0.00%,"11,17 €","0,00 €",1,0
B017HKG9PK,B0044R87ZU,Arcos Cuchillo Cocina Acero Inoxidable Nitrum y Hoja 180 mm. Cuchillo Utilidad Profesional. Mango ergonómico polioximetileno Pom. Serie Maitre. Color Negro.,150800_fbm,760,18,0.20%,0.22%,985,24,0.18%,0.20%,1.54%,0.00%,1,0,0.13%,0.00%,"13,47 €","0,00 €",1,0
B0752XP113,B0044R886S,Arcos Conjunto carne con Hoja Acero Inoxidable Nitrum y mm. Mango ergonómico polioximetileno POM. Serie Mesa. Los bordeserrados los hacen perfectos cortar y picar carnes. Color plateado.,378000_,183,4,0.05%,0.05%,282,4,0.05%,0.03%,19.92%,100.00%,1,0,0.55%,0.00%,"40,65 €","0,00 €",1,0
B0752XP113,B0044R887W,Arcos Juego Cuchillos carne 4 piezas. Paquete Cuchillos bolsillo con borperla para cortar y filetear carne. Hoja y mango Acero Inoxidable monobloque. Serie Mesa.,378400_2,477,13,0.12%,0.16%,791,17,0.14%,0.14%,3.57%,0.00%,1,0,0.21%,0.00%,"21,34 €","0,00 €",1,0
B07BDVLDBZ,B005LR68DU,Arcos Cuchillo Jamonero con Alveolos 250 mm,231000_,577,11,0.15%,0.14%,934,19,0.17%,0.16%,2.10%,0.00%,1,0,0.17%,0.00%,"33,49 €","0,00 €",1,0
B07BDW2X7S,B005LR6BEQ,Arcos Cuchillo Filetear Acero Inoxidable Nitrum 200 mm,233000_,124,3,0.03%,0.04%,202,4,0.04%,0.03%,40.32%,33.33%,1,1,0.81%,33.33%,"25,99 €","25,99 €",1,1
B017HKHR92,B005LR6E0C,Arcos Cuchillo Cocinero Acero Inoxidable Negro 150 mm,233400_,669,9,0.17%,0.11%,922,10,0.17%,0.09%,7.09%,20.00%,1,0,0.15%,0.00%,"26,99 €","0,00 €",1,0
B005LR6I4Y,B005LR6I4Y,Arcos Serie Riviera - Juego de Cuchillos de 4 piezas para cajón - Hoja de Acero Inoxidable Forjado NITRUM - Mango de Polioximetileno (POM) - Cajonera de Madera Color Marrón,234000,11,0,0.00%,0.00%,19,0,0.00%,0.00%,100.00%,0.00%,1,0,9.09%,0.00%,"149,99 €","0,00 €",1,0
B0752X4WV1,B005LR73R0,Arcos Juego Chuleteros Mango Madera 110 mm,809300__,"3,279",71,0.85%,0.88%,"4,933",114,0.90%,0.97%,0.93%,0.00%,1,0,0.03%,0.00%,"24,39 €","0,00 €",1,0
B0752NT3TH,B005LR77GC,ARCOS Tijeras de Cocina Profesional 235 mm,185701_barras_arcos,"1,139",54,0.29%,0.67%,"1,756",77,0.32%,0.65%,0.39%,9.84%,1,1,0.09%,1.85%,"9,75 €","9,75 €",1,1
B017HKRCGK,B005LR7AWI,ARCOS Bolsa Portacuchillos 8 Piezas Poliéster 500x510mm,690400_,515,15,0.13%,0.19%,698,30,0.13%,0.26%,3.63%,0.00%,1,0,0.19%,0.00%,"24,99 €","0,00 €",1,0
B017HKJSMG,B006963LSM,Arcos Cuchillo para Pan Acero Inoxidable 250 mm,282204_,267,15,0.07%,0.19%,325,19,0.06%,0.16%,5.67%,7.69%,1,0,0.37%,0.00%,"19,49 €","0,00 €",1,0
B017HKJC2W,B007TS67GW,Arcos Cuchillo Cocina Acero Inoxidable 150 mm,281304,197,3,0.05%,0.04%,308,4,0.06%,0.03%,7.86%,0.00%,1,0,0.51%,0.00%,"14,99 €","0,00 €",1,0
B00YTW5C8U,B007TS695Q,Arcos Colour Prof Cuchillo Carnicero Acero Inoxidable Nitrum 130 mm,241400,2,0,0.00%,0.00%,5,0,0.00%,0.00%,20.00%,0.00%,1,0,50.00%,0.00%,"14,99 €","0,00 €",1,0
B007TS6GI6,B007TS6GI6,Arcos Universal Set 2 Cuchillos de Cocina Acero Inoxidable Nitrum,285800_2,215,4,0.06%,0.05%,305,4,0.06%,0.03%,9.77%,66.67%,1,0,0.47%,0.00%,"27,75 €","0,00 €",1,0
B07BDT9G74,B008U6T624,Arcos Clásica Cuchillo Deshuesador Forjado Acero Inoxidable Nitrum 140 mm,256200_fbm,22,0,0.01%,0.00%,25,0,0.00%,0.00%,100.00%,0.00%,1,0,4.55%,0.00%,"19,99 €","0,00 €",1,0
B0752X1ZCK,B009KPKG8M,Arcos Cuchillos de Mesa - Cuchillo Chuletero Cuchillo de Mesa - Hoja de Acero Inoxidable NITRUM 110 mm - Mango de Nylon - Color Negro,803000_1-Pieza,227,2,0.06%,0.02%,245,2,0.04%,0.02%,100.00%,0.00%,4,0,1.76%,0.00%,"15,00 €","0,00 €",1,0
B00BHZPHO6,B00BHZPHO6,"Arcos Juego 6 Cuchillos carne 4,s. Paquete Cuchillos bolsillo con borliso para cortar y filetear carne. Hoja y mango Acero Inoxidable monobloque. Serie Mesa.",378200_,92,1,0.02%,0.01%,122,1,0.02%,0.01%,28.44%,0.00%,1,0,1.09%,0.00%,"38,99 €","0,00 €",1,0
B017HKKKIC,B00BHZPITA,Arcos Universal Cuchillo Carnicero Acero Inoxidable Nitrum 200 mm,288400_fbm,236,4,0.06%,0.05%,321,4,0.06%,0.03%,46.32%,50.00%,1,0,0.42%,0.00%,"38,99 €","0,00 €",1,0
B017HKI11U,B00BHZPJFI,Arcos Riviera Blanc Cuchillo Chef Forjado Acero Inoxidable 150 mm,233424_,122,3,0.03%,0.04%,200,3,0.04%,0.03%,17.58%,50.00%,1,1,0.82%,33.33%,"26,99 €","26,99 €",1,1
B00CWZQJZG,B00CWZQJZG,"Arcos Cuchillos Mesa - Cuchillo Carne Mesa - Monobloque unaola pieza Acero Inoxidable 4"" - Color Plateado - Corta todo tipo carne conimplicidad y practicidad -erie Monobloque - Color Gris",702000_1pza_fba,50,0,0.01%,0.00%,76,0,0.01%,0.00%,93.94%,0.00%,6,0,12.00%,0.00%,"29,94 €","0,00 €",1,0
B00D3LCJI4,B00D3LCJI4,Arcos Saeta - Cuchillo Panero - Hoja de Acero Inoxidable Forjado Nitrum de 210 mm - Mango de Pom - Color Negro,175700,23,0,0.01%,0.00%,30,0,0.01%,0.00%,100.00%,0.00%,1,0,4.35%,0.00%,"29,99 €","0,00 €",1,0
B09GS973CD,B00HYWV402,ARCOS Juego de Cocina de 5 Piezas con Bloque,815000_,389,6,0.10%,0.07%,558,6,0.10%,0.05%,2.59%,40.00%,1,0,0.26%,0.00%,"39,99 €","0,00 €",1,0
B0BQDHLWRL,B00I5N4PPK,Arcos Cuchillo Chuletero Acero Inoxidable Nitrum 110 mm,_809300_1Pieza,92,1,0.02%,0.01%,150,1,0.03%,0.01%,58.46%,0.00%,1,0,1.09%,0.00%,"5,49 €","0,00 €",1,0
B0752X4WZ6,B00I9XTFNS,ARCOS Gadgets Pinza para Jamón Nitrum Acero 120 mm,606100_,319,15,0.08%,0.19%,405,22,0.07%,0.19%,0.57%,6.25%,6,6,1.88%,40.00%,"52,50 €","52,50 €",1,1
B08M7BMR2S,B00I9XTLSC,ARCOS Afilador Profesional Manual Cerámica y Carbono Rojo-Negro,610600,"14,153",258,3.66%,3.20%,"19,829",371,3.61%,3.16%,2.57%,2.02%,1,1,0.01%,0.39%,"13,69 €","13,69 €",1,1
B00ITVQOOI,B00ITVQOOI,ARCOS Tenedor de Mesa Acero Inoxidable 18/10 200 mm,371600_1pieza,67,4,0.02%,0.05%,101,7,0.02%,0.06%,31.82%,0.00%,12,0,17.91%,0.00%,"59,88 €","0,00 €",1,0
B00J3ZVMCS,B00J3ZVMCS,Arcos Serie Toscana - Juego de Cucharas para Café (6 cucharas) - Monoblock de una pieza en Acero Inoxidable 18/10 y 140 mm - Color Plata,574200_,995,51,0.26%,0.63%,"1,649",73,0.30%,0.62%,0.48%,5.08%,1,1,0.10%,1.96%,"9,75 €","9,75 €",1,1
B00J3ZVNM2,B00J3ZVNM2,Arcos Serie Toscana - Juego de Cucharas Moka (6 cucharas) - Monoblock de una pieza en Acero Inoxidable 18/10 y 115 mm - Color Plata,574100_,694,27,0.18%,0.33%,"1,139",38,0.21%,0.32%,0.41%,0.00%,1,0,0.14%,0.00%,"9,14 €","0,00 €",1,0
B017HKGEFK,B00J64GC62,Arcos Serie Natura - Cuchillo de Verduras - Hoja de Acero Inoxidable Forjado NITRUM 125 mm - Mango de Madera Palisandro color marrón,155110_,21,0,0.01%,0.00%,27,0,0.00%,0.00%,100.00%,0.00%,1,0,4.76%,0.00%,"25,99 €","0,00 €",1,0
B07BDRS33L,B00J64GECY,Arcos Cuchillo de Cocina Acero Inoxidable 130 mm,231524_,129,4,0.03%,0.05%,157,4,0.03%,0.03%,29.37%,0.00%,1,0,0.78%,0.00%,"23,49 €","0,00 €",1,0
B07BDVLDBZ,B00J64GI4S,Arcos Riviera Blanc Cuchillo Jamonero Forjado POM Blanco 300 mm,231124_,46,1,0.01%,0.01%,59,2,0.01%,0.02%,70.45%,100.00%,1,0,2.17%,0.00%,"36,99 €","0,00 €",1,0
B09335Z9NL,B00J64GMWQ,Arcos Universal Cuchillo Chef Granton Acero Inoxidable Nitrum 200 mm,280601_us,"1,321",20,0.34%,0.25%,"1,748",29,0.32%,0.25%,9.78%,18.18%,1,0,0.08%,0.00%,"21,99 €","0,00 €",1,0
B017HKGEFK,B00J64L30C,Arcos Natura Cuchillo Santoku Forjado Acero Inoxidable 180 mm,155810_,82,0,0.02%,0.00%,142,0,0.03%,0.00%,75.94%,0.00%,1,0,1.22%,0.00%,"36,99 €","0,00 €",1,0
B00R6JUIUK,B00R6JUIUK,Arcos Cuchillo Chuletero Acero Inoxidable 105 mm,100400_1pza,"2,437",39,0.63%,0.48%,"3,945",73,0.72%,0.62%,0.90%,2.56%,2,0,0.08%,0.00%,"7,98 €","0,00 €",1,0
B0752X4WZ6,B00TA4O5YO,ARCOS Pinzas para Emplatar Acero Inoxidable 300 mm,606200_,"1,100",28,0.28%,0.35%,"1,488",36,0.27%,0.31%,0.73%,3.70%,1,0,0.09%,0.00%,"12,19 €","0,00 €",1,0
B0752TH4FW,B00V3A9XMC,Arcos Serie Riviera Blanc - Juego de Cuchillos de 5 piezas en Caja de Regalo (4 Cuchillos + 1 Tijeras) - Hoja de Acero Inoxidable Forjado NITRUM - Mango de Polioximetileno (POM) - Bloque de madera de color negro lacado,234424_,49,1,0.01%,0.01%,59,1,0.01%,0.01%,96.23%,0.00%,1,0,2.04%,0.00%,"144,99 €","0,00 €",1,0
B017HKSTCQ,B00VRWSIUO,Arcos Serie Ecopro - Tijeras de Cocina - Acero Inoxidable 240 mm - Mango de Acero Inoxidable - Color Plata,809800_,463,20,0.12%,0.25%,585,27,0.11%,0.23%,1.16%,0.00%,1,0,0.22%,0.00%,"18,99 €","0,00 €",1,0
B0752NT3TH,B00VRWSQIS,Arcos Serie Prochef - Tijeras de Cocina - Hoja de Acero Inoxidable - 200 mm - Mango de Polipropileno Color Negro,185300,104,1,0.03%,0.01%,128,1,0.02%,0.01%,11.54%,0.00%,1,0,0.96%,0.00%,"21,45 €","0,00 €",1,0
B00WHV21BG,B00WHV21BG,CUPERINOX TIJERAS PESCADO | TIJERAS COCINA| TIJERAS ACERO| TIJERAS | 20 CM | UTENSILIOS DE COCINA,21992_,18,0,0.00%,0.00%,35,0,0.01%,0.00%,35.48%,0.00%,1,0,5.56%,0.00%,"7,25 €","0,00 €",1,0
B00WUZR7H2,B00WUZR7H2,Arcos Serie Cuchillos de Mesa - Cuchillo Mesa - Hoja Serrada de Acero Inoxidable de 125 mm - Cuchillo Monoblock Acero Inoxidable Color Plata,460400_1pieza,106,3,0.03%,0.04%,194,5,0.04%,0.04%,9.66%,0.00%,1,0,0.94%,0.00%,"4,49 €","0,00 €",1,0
B0CJDS7HN7,B00WUZT88I,ARCOS Mesa Tenedor Carne y Mesa Acero 18/10 Plata 200 mm,702100_1pieza,330,8,0.09%,0.10%,546,15,0.10%,0.13%,2.85%,0.00%,4,0,1.21%,0.00%,"15,24 €","0,00 €",1,0
B07BDQNMVP,B014MIZYD8,Arcos Cuchillo Tomate Forjado Acero Inox. Nitrum 130mm,232024_,109,2,0.03%,0.02%,135,4,0.02%,0.03%,21.95%,0.00%,1,0,0.92%,0.00%,"23,99 €","0,00 €",1,0
B0189HXS8Q,B015QGR3CK,Arcos Serie Navajas Profesionales - Navaja Profesional - Hoja Filo de Acero Inoxidable NITRUM de 85 mm - Navaja de Acero Inoxidable Color amarillo,485900_fbm,"1,257",45,0.32%,0.56%,"2,025",74,0.37%,0.63%,18.05%,35.71%,1,0,0.08%,0.00%,"8,08 €","0,00 €",1,0
B017DLDM3A,B017DLDM3A,Arcos Cuchillo Mondador Madera 65 mm,100100_us,843,20,0.22%,0.25%,"1,316",39,0.24%,0.33%,1.13%,0.00%,1,0,0.12%,0.00%,"5,58 €","0,00 €",1,0
B0752VKJ59,B017DLH9NE,Arcos Afilador Acero Nitrum Acero Inoxidable y Hoja 300 mm. Serie Chaira. Cuerpo Acero al Carbono Recubierto Cromo 11 - Mango Polipropileno. Formas ligeras yuaves. Color Negro.,278310_,36,1,0.01%,0.01%,46,1,0.01%,0.01%,97.73%,100.00%,1,0,2.78%,0.00%,"24,99 €","0,00 €",1,0
B017DLL29Q,B017DLL29Q,Arcos Serie Cuchillos de Mesa - Cuchillo Chuletero - Hoja Serrada de Acero Inoxidable NITRUM de 110 mm - Mango Polipropileno Color negro,372800_,21,3,0.01%,0.04%,24,4,0.00%,0.03%,95.24%,100.00%,1,0,4.76%,0.00%,"9,99 €","0,00 €",1,0
B0189HXOXK,B017DLLFIO,Arcos Navaja Acero Inoxidable 85 mm,485300_fmb,289,12,0.07%,0.15%,435,15,0.08%,0.13%,16.58%,0.00%,1,0,0.35%,0.00%,"7,49 €","0,00 €",1,0
B0189HXS8Q,B017DLLIUO,Arcos Navaja Profesional Acero Inoxidable 85 mm,485929_,775,18,0.20%,0.22%,"1,091",23,0.20%,0.20%,51.91%,71.43%,1,0,0.13%,0.00%,"7,35 €","0,00 €",1,0
B017DLM9SO,B017DLM9SO,ARCOS Tenedores para Tartas Acero Inoxidable 18/10 140 mm,574300_,"1,027",30,0.27%,0.37%,"1,571",41,0.29%,0.35%,0.64%,4.76%,1,0,0.10%,0.00%,"10,42 €","0,00 €",1,0
B017DLM9SY,B017DLM9SY,Arcos Serie Toscana - Juego de Cucharas de Mesa (3 cucharas) - Monoblock de una pieza en Acero Inoxidable 18/10 y 180 mm - Color Plata,574400_,169,8,0.04%,0.10%,277,9,0.05%,0.08%,0.00%,0.00%,1,0,0.59%,0.00%,"7,99 €","0,00 €",1,0
B017DLMYLQ,B017DLMYLQ,Arcos Serie Endura - Cacerola Antiadherente - Cuerpo de Aluminio Forjado 16 cm - Capacidad 1 litro - Mango de Acero Inoxidable - Color Negro (Libre de PFOA),697000_,67,1,0.02%,0.01%,84,1,0.02%,0.01%,100.00%,100.00%,1,0,1.49%,0.00%,"19,99 €","0,00 €",1,0
B06Y66X8SW,B06Y66X8SW,CUPERINOX® Couture Series - Tijera Costura Profesional 10 cm | Acero Inoxidable de Alta Precisión | Corte Fino para Detalles y Acabados | Uso Doméstico y Profesional,21960_fba,26,0,0.01%,0.00%,36,0,0.01%,0.00%,100.00%,0.00%,1,0,3.85%,0.00%,"5,59 €","0,00 €",1,0
B0711S58TQ,B0711S58TQ,Juego cuchillos Arcos profesional | cuchillos cocina | cuchillos arcos clasicos |6 pzas | negro | 842300,_842300_,69,1,0.02%,0.01%,91,1,0.02%,0.01%,98.81%,100.00%,1,0,1.45%,0.00%,"140,99 €","0,00 €",1,0
B0719K21HP,B0719K21HP,Arcos Tenazas de Marisco Acero Inoxidable 185 mm,606400_,142,5,0.04%,0.06%,225,7,0.04%,0.06%,1.03%,0.00%,1,0,0.70%,0.00%,"19,99 €","0,00 €",1,0
B071HVWQKP,B071HVWQKP,Arcos Cuchillos Mesa con Hoja Acero Inoxidable. Cuchillos Carne con Mango Madera Palisandro Marrón. Hoja. Corta Carne Asada. Clásicos y Elegantes. Cortein Esfuerzo. Serie Mesa. Color Marrón,373700,"1,490",26,0.38%,0.32%,"2,021",34,0.37%,0.29%,2.51%,14.29%,1,0,0.07%,0.00%,"15,74 €","0,00 €",1,0
B0752VKJ4B,B072FGV2YH,Arcos Juego de 6 Cuchillos Mondadores Acero Inoxidable 100 mm,189100,"6,145",171,1.59%,2.12%,"9,155",285,1.67%,2.42%,0.57%,2.48%,1,0,0.02%,0.00%,"17,25 €","0,00 €",1,0
B07BMGMVY4,B07BMGMVY4,Arcos Serie Riviera Rose - Cuchillo Cocinero - Hoja de Acero Inoxidable Forjado NITRUM 200 mm - Mango de Polioximetileno (POM) Color Rosa,233654_,54,0,0.01%,0.00%,80,0,0.01%,0.00%,100.00%,0.00%,1,0,1.85%,0.00%,"32,99 €","0,00 €",1,0
B0BXB18B8W,B07D8GYFC7,"Arcos Cuchillo Chef Forjado Acero Inoxidable NITRUM - Profesional Cocina, Mango Ergonómico POM Negro, Hoja Silk Edge 150 mm, Serie Manhattan",160400,92,4,0.02%,0.05%,128,6,0.02%,0.05%,98.18%,100.00%,1,0,1.09%,0.00%,"31,99 €","0,00 €",1,0
B07D8H2FNG,B07D8H2FNG,Arcos Manhattan Cuchillo Pelador Forjado Acero Inoxidable 100 mm,160100_,82,2,0.02%,0.02%,109,3,0.02%,0.03%,49.02%,100.00%,1,0,1.22%,0.00%,"23,49 €","0,00 €",1,0
B0BXB18B8W,B07D8XC7NL,"Arcos Cuchillo Chef Forjado Acero Inoxidable NITRUM - Profesional Cocina, Mango Ergonómico POM Negro, Hoja Silk Edge 250 mm, Serie Manhattan",160800_,117,7,0.03%,0.09%,174,19,0.03%,0.16%,95.57%,80.00%,1,0,0.85%,0.00%,"44,99 €","0,00 €",1,0
B07DFK4T6L,B07DFK4T6L,"Arcos Cuchillo Deshuesador Profesional - Hoja Silk Edge Acero Inoxidable Nitrum 160 mm, Precisión y Durabilidad, Mango Ergonómico POM Negro, Serie Manhattan",162600_,75,3,0.02%,0.04%,119,3,0.02%,0.03%,88.79%,33.33%,1,0,1.33%,0.00%,"27,99 €","0,00 €",1,0
B0B8Z4CJBC,B07F2YVB15,"Arcos Juego Cuchillos Pelar Acero Inoxidable Nitrum 4""",136500,922,20,0.24%,0.25%,"1,660",28,0.30%,0.24%,1.74%,0.00%,1,0,0.11%,0.00%,"19,24 €","0,00 €",1,0
B07F9GQZCB,B07F9GQZCB,Arcos Cuchillo para Verduras de 4 Pulgadas con Hoja de 105mm en Acero Inoxidable y Mango de Madera. Cuchillo para Vegetales Apto para Lavavajillas. Serie Latina. Color Marrón,100500_fba,518,11,0.13%,0.14%,816,13,0.15%,0.11%,98.56%,100.00%,1,0,0.19%,0.00%,"36,99 €","0,00 €",1,0
B07FQ94K1Q,B07FQ94K1Q,Arcos Series Maitre - Juego de Cuchillos 5 Piezas (4 Cuchillos + 1 Tijeras) - Hoja de Acero Inoxidable Nitrum - Mango de Polipropileno - Bloque de Madera de Color marrón,152100__,26,1,0.01%,0.01%,33,1,0.01%,0.01%,80.00%,100.00%,1,0,3.85%,0.00%,"74,99 €","0,00 €",1,0
B07G79KCFK,B07G79KCFK,"Arcos Cuchillos de Mesa Caja de 12 uds Cuchillo Chuletero Cuchillo de Mesa, Hoja de Acero Inoxidable NITRUM 105 mm, Mango de Nylon, Color Marrón (12 uds)",803800_,70,1,0.02%,0.01%,98,4,0.02%,0.03%,91.76%,0.00%,1,0,1.43%,0.00%,"39,99 €","0,00 €",1,0
B07G79YS6D,B07G79YS6D,"Arcos Serie Cuchillos de Mesa Caja 12 uds Cuchillo Chuletero, Hoja Filo de Acero Inoxidable NITRUM de 110 mm, Mango Madera comprimida Color marrón (12 UDS)",373200_fbm,50,2,0.01%,0.02%,79,7,0.01%,0.06%,89.23%,100.00%,1,0,2.00%,0.00%,"70,99 €","0,00 €",1,0
B07N8TSTLQ,B07N8TSTLQ,"Arcos Juego de Cuchillos Forjados (4 Piezas) - Acero Inoxidable NITRUM, Corte Preciso, Mango Ergonómico POM Negro, Incluye Cuchillo Chef, Pan, Pelar y Cocina - Serie Manhattan, Negro",163400,76,2,0.02%,0.02%,100,2,0.02%,0.02%,73.12%,100.00%,1,0,1.32%,0.00%,"149,99 €","0,00 €",1,0
B08TWZYBPZ,B07NVP94PR,"CUPERINOX® -Juego de Cuchillos de Cocina Profesional de Acero Inoxidable + Taco de Madera– 7 Piezas en Acero Inoxidable, Mango Ergonómico, Bloque de Madera Incluido – Chef Set para Hogar",19510,25,0,0.01%,0.00%,33,0,0.01%,0.00%,96.77%,0.00%,1,0,4.00%,0.00%,"39,90 €","0,00 €",1,0
B07T1LRC8M,B07S9RTS38,Arcos Kids Cuchillo de Cocina para Niños - Hoja Segura de Acero Inoxidable NITRUM 100 mm - Mango Ergonómico POM Verde - Seguridad Infantil y Durabilidad,792921_fbm,118,0,0.03%,0.00%,170,0,0.03%,0.00%,72.08%,0.00%,1,0,0.85%,0.00%,"17,99 €","0,00 €",1,0
B07T7HKST6,B07T7HKST6,CUPERINOX Juego de Cuchillos de cocina | 6 Piezas | Cuchillos Cocina Profesional | Set cuchillos cocina | Incluye tijeras cocina | Acero Inoxidable,19511FBM,12,0,0.00%,0.00%,14,0,0.00%,0.00%,100.00%,0.00%,1,0,8.33%,0.00%,"44,95 €","0,00 €",1,0
B09GBJKQHR,B07YYDR6D8,Arcos Juego de Cuchillos de Cocina. 3 piezas de Acero Inoxidable forjado. Impresiona yorprencon cada corte. Mango Micarta azul. Serie Brooklyn. Color Azul.,858110,"1,176",19,0.30%,0.24%,"1,747",22,0.32%,0.19%,73.06%,85.71%,1,0,0.09%,0.00%,"104,12 €","0,00 €",1,0
B0843D965B,B0843D965B,Arcos Cuchillo Chef Acero Inoxidable. Cuchillo Cocina Profesional multipropósito para Cortar y Limpiar Verduras. Mango ergonómico polioximetileno y Hoja 210 mm. Serie Opera. Color Negro.,225100_fbm,39,0,0.01%,0.00%,64,0,0.01%,0.00%,91.53%,0.00%,1,0,2.56%,0.00%,"38,88 €","0,00 €",1,0
B0843DFWRQ,B0843DFWRQ,"Arcos Cuchillo Chef Acero Inoxidable. Cuchillo cocina profesional cortar carne, pescado, aves, frutas y verduras. Mango ergonómico polioximetileno y Hoja 140 mm. Serie Opera. Color negro.",224900_fbm,12,1,0.00%,0.01%,20,4,0.00%,0.03%,100.00%,100.00%,1,0,8.33%,0.00%,"24,93 €","0,00 €",1,0
B0CYTKGNPM,B0843DQCF5,ARCOS Pelador de Verduras en Juliana de Acero Inoxidable Cromado 130 Mm. Pelador Profesional para Cortes en Juliana de Verduras y Hortalizas. Apto Lavavajillas. Color Plata,607200,"1,890",54,0.49%,0.67%,"2,482",72,0.45%,0.61%,0.28%,0.00%,1,0,0.05%,0.00%,"7,49 €","0,00 €",1,0
B0843SYT31,B0843SYT31,Arcos Cuchillo Chef con Hoja Acero Inoxidable Nitrum 160 mm. Cuchillo cocina profesional multiusos. Mango ergonómico polioximetileno POM. Serie Opera. Color negro.,225000_fmb,27,3,0.01%,0.04%,39,3,0.01%,0.03%,100.00%,100.00%,1,1,3.70%,33.33%,"31,49 €","31,49 €",1,1
B09KJLG7BT,B08KW4BFZ9,CUPERINOX Jamonero Profesional | Soporte jamonero Tipo Gondola| Base de Corte para Usar con Cuchillo jamonero | Jamon iberico | Fabricado en España,20200_premium,"2,143",24,0.55%,0.30%,"3,103",36,0.57%,0.31%,98.72%,100.00%,1,0,0.05%,0.00%,"15,49 €","0,00 €",1,0
B09FQ5SZK8,B08MTTN436,Arcos Nordika Cuchillo Mondador Nitrum Madera Ovengkol FSC 100 mm,165000_fbm,302,10,0.08%,0.12%,428,15,0.08%,0.13%,0.27%,0.00%,1,0,0.33%,0.00%,"21,99 €","0,00 €",1,0
B08T5Z4HFS,B08QYQYZHS,"CUPERINOX Cubiertos para marisco | Pinzas para marisco | Tenazas para marisco | 12 Unidades | Cubiertos marisco (Cangrejo, Langosta, Ostras) | Tenedor de marisco con dos dientes inferiores y cuchara.",20023_12FBA,188,8,0.05%,0.10%,271,15,0.05%,0.13%,98.37%,100.00%,1,1,0.53%,12.50%,"18,99 €","18,99 €",1,1
B08TLR4Z27,B095C22QFS,Arcos jamonero Profesional | Cuchillo jamonero jamonero Inoxidable Nitrum | Mango Negro | Cuchillo Jamon iberico | Serie Maitre| Hoja Flexible y Filo Liso | 275 mm | Acero Inoxidable NITRUM,151811,51,0,0.01%,0.00%,59,0,0.01%,0.00%,100.00%,0.00%,1,0,1.96%,0.00%,"19,99 €","0,00 €",1,0
B09FQ5SZK8,B0968LSP2T,"Arcos Utensilios Barbacoa - Cuchillo 200 mm y Tenedor 215 mm, Acero Inoxidable NITRUM, Mango Madera Ovengkol FSC, Set 2 Piezas, Embalaje Reciclado, Serie Nordika",167000_fbm,234,7,0.06%,0.09%,286,7,0.05%,0.06%,28.97%,66.67%,1,0,0.43%,0.00%,"49,99 €","0,00 €",1,0
B0987KNJLQ,B0987KNJLQ,Arcos | cuchillos de mesa cuchillo mesa FILO LISO | 6 Piezas cuchillo chuletero | mango monoblock | Acero Inoxidable | Envase Eco,814100_fba,70,5,0.02%,0.06%,91,9,0.02%,0.08%,100.00%,100.00%,2,2,2.86%,40.00%,"49,58 €","49,58 €",1,1
B09CGYZ71L,B09CGYZ71L,CUPERINOX Tijeras Cocina | Tijeras de Trinchar | Tijeras Pollo | Tijera Pescado | Tijera Acero Inoxidable | 5 Funciones | Tijeras Multiusos | Mango Ergonomico | Apto Lavavajillas,21973_fbm,10,0,0.00%,0.00%,30,0,0.01%,0.00%,95.24%,0.00%,1,0,10.00%,0.00%,"9,99 €","0,00 €",1,0
B09D1V45YK,B09D1V45YK,"CUPERINOX® Couture Series - Tijera Costura Profesional 16,5 cm | Acero Inoxidable Irrompible | Mango Ergonómico Antideslizante | Corte Preciso y Duradero",21951_,24,2,0.01%,0.02%,33,4,0.01%,0.03%,100.00%,0.00%,1,0,4.17%,0.00%,"5,99 €","0,00 €",1,0
B09F9KVBDX,B09F9KVBDX,Arcos Nova Juego 8 Cuchillos Mesa Acero Crema 105 mm,705300,113,4,0.03%,0.05%,171,10,0.03%,0.09%,18.67%,14.29%,1,0,0.88%,0.00%,"16,99 €","0,00 €",1,0
B08VS4FCLN,B09HHGVG2N,"Arcos Juego Cuchillos Cocina cuchillos | Cuchillo profesional | 6 piezas | Chef 215 mm + Cocina 150 mm, Verduras 100 mm + Tijera cocina + Pelador de fruta y verdura + Pinza para pescado",854200fbm,262,2,0.07%,0.02%,309,4,0.06%,0.03%,98.97%,100.00%,1,0,0.38%,0.00%,"37,17 €","0,00 €",1,0
B09HRWYKDL,B09HRWYKDL,Arcos Juego de cuchillos Japoneses Profesionales | 4 piezas | Cuchillo Verduras 100 mm + Cocina 150 mm + Santoku con Alveolos 170 mm + Pelador de patatas,853100,62,0,0.02%,0.00%,103,0,0.02%,0.00%,100.00%,0.00%,1,0,1.61%,0.00%,"36,99 €","0,00 €",1,0
B09HRWYKDL,B09HRWYKDL,Arcos Juego de cuchillos Japoneses Profesionales | 4 piezas | Cuchillo Verduras 100 mm + Cocina 150 mm + Santoku con Alveolos 170 mm + Pelador de patatas,853100fbm,62,0,0.02%,0.00%,103,0,0.02%,0.00%,100.00%,0.00%,1,0,1.61%,0.00%,"36,99 €","0,00 €",1,0
B08VRP7CR7,B09XMVTWLT,Arcos Juego Cuchillos Carne | 6 Piezas | Cuchillos Carne Cuchillo chuleteros | Cubiertos Acero Inoxidable | Hoja 110 mm | Mango Redondo y Forma Ovalada | monobock | Caja Envase Ecológico (Filo Liso),830000,167,5,0.04%,0.06%,284,6,0.05%,0.05%,100.00%,100.00%,1,0,0.60%,0.00%,"32,99 €","0,00 €",1,0
B0B464Q8VS,B0B464Q8VS,CUPERINOX® Kitchen Pro | Tijeras de Cocina Profesional 21 cm Tijeras de Trinchar Carne y Pescado Acero Inoxidable Mango Ergonómico Apto Lavavajillas,21981,46,2,0.01%,0.02%,58,2,0.01%,0.02%,100.00%,100.00%,1,0,2.17%,0.00%,"9,99 €","0,00 €",1,0
B0BRT1JYNQ,B0BRT1JYNQ,Arcos Riviera - Juego de Cuchillos de Cocina (Mondador + 2 Cuchillo Chef) - Acero Inoxidable Forjado NITRUM - Mango POM - Color Negro,838310,55,2,0.01%,0.02%,67,2,0.01%,0.02%,41.94%,0.00%,1,0,1.82%,0.00%,"83,99 €","0,00 €",1,0
B0C49W65HD,B0C49W65HD,Arcos Serie Nordika - Cuchillo Tomatero - Acero Inoxidable NITRUM - Hoja de 130 mm - Mango de Madera Ovengkol 100% natural de bosques certificados FSC® - Embalaje 100% reciclado,165100,73,1,0.02%,0.01%,95,1,0.02%,0.01%,73.81%,0.00%,1,0,1.37%,0.00%,"26,95 €","0,00 €",1,0
B0C49YM5CJ,B0C49YM5CJ,Arcos Serie Nordika - Cuchillo Deba - Acero Inoxidable NITRUM - Hoja de 170 mm - Mango de Madera Ovengkol 100% natural de bosques certificados FSC® - Embalaje 100% reciclado,168100,29,1,0.01%,0.01%,44,1,0.01%,0.01%,64.10%,100.00%,1,0,3.45%,0.00%,"47,99 €","0,00 €",1,0
B0C4B1CKSR,B0C4B1CKSR,Arcos Serie Nordika - Cuchillo Yanagiba - Acero Inoxidable NITRUM - Hoja de 240 mm - Mango de Madera Ovengkol 100% natural de bosques certificados FSC® - Embalaje 100% reciclado,168200,40,1,0.01%,0.01%,49,2,0.01%,0.02%,65.91%,100.00%,1,0,2.50%,0.00%,"49,99 €","0,00 €",1,0
B0C5JNCFL4,B0C5JNCFL4,Arcos Serie Milano - Cubertería de 24 piezas en Caja de Regalo (6 Cuchillos + 12 Cucharas + 6 Tenedores) - Monoblock de una pieza en Acero Inoxidable - Color Plata,542000,154,4,0.04%,0.05%,273,7,0.05%,0.06%,43.58%,100.00%,1,0,0.65%,0.00%,"74,99 €","0,00 €",1,0
B0DNNL6D3J,B0DNNL6D3J,Cuperinox Afilador Cuchillos | Afilador de Cuchillos Profesional | Knife Sharpener | Afilador 3 etapas | Todo tipo de cuchillos de acero y ceramica incluso cuchillo jamonero | Base Antideslizante,20775,14,0,0.00%,0.00%,19,0,0.00%,0.00%,100.00%,0.00%,1,0,7.14%,0.00%,"14,99 €","0,00 €",1,0
B0DNNL6D3J,B0DNNL6D3J,Cuperinox Afilador Cuchillos | Afilador de Cuchillos Profesional | Knife Sharpener | Afilador 3 etapas | Todo tipo de cuchillos de acero y ceramica incluso cuchillo jamonero | Base Antideslizante,20775_,14,0,0.00%,0.00%,19,0,0.00%,0.00%,100.00%,0.00%,1,0,7.14%,0.00%,"11,99 €","0,00 €",1,0
B0DPKXM18X,B0DNQRZ3BN,"CUPERINOX Soporte Jamonero Inoxidable Profesional con Base Antideslizante para Jamones y Paletas, Incluye Cuchillo | Jamoneros Elite Collection",20260_,793,21,0.20%,0.26%,"1,116",25,0.20%,0.21%,99.80%,100.00%,1,0,0.13%,0.00%,"24,99 €","0,00 €",1,0
B0DPLG5V7Q,B0DPJDWB77,CUPERINOX Tazas de Capuccino de Cristal - Vaso cafe - Vaso Cristal - 200ml (Set de 2) - Apto para Lavavajillas y Microondas - Aroma Series,26121_,44,1,0.01%,0.01%,57,2,0.01%,0.02%,100.00%,0.00%,1,0,2.27%,0.00%,"13,99 €","0,00 €",1,0