SKU	COSTE	FEE_AMZ	FBA	IVA	COSTE_FINAL	MINIMO_PRIME	MARGEN	PVP	PCT
2181	2,066115702	1,620705	3,39	1,820015	8,896835702	10,49	1,5931643	10,49	15%
14015	4,958677686	2,933955	3,39	3,294765	14,57739769	18,99	4,412602314	18,99	23%
14030	8,196161464	4,633455	3,39	5,203265	21,42288146	29,99	8,567118536	29,99	29%
14032	3,719008264	2,315955	3,39	2,600765	12,02572826	14,99	2,964271736	14,99	20%
14033	7,438016529	4,633455	3,39	5,203265	20,66473653	29,99	9,325263471	29,99	31%
15072	2,578512397	2,161455	3,39	2,427265	10,5572324	13,99	3,432767603	13,99	25%
19510	14,1322314	6,16455	3,39	6,92265	30,6094314	39,9	9,290568595	39,9	23%
19511	15,78512397	6,944775	3,39	7,798825	33,91872397	44,95	11,03127603	44,95	25%
20200	3,305785124	2,315955	3,39	2,600765	11,61250512	14,99	3,377494876	14,99	23%
20200b	3,636363636	1,815375	3,39	2,038625	10,88036364	11,75	0,869636364	11,75	7%
20226	5,537190083	3,860955	3,39	4,335765	17,12391008	24,99	7,866089917	24,99	31%
20227	4,256198347	3,088455	3,39	3,468265	14,20291835	19,99	5,787081653	19,99	29%
20228	8,966942149	5,405955	3,39	6,070765	23,83366215	34,99	11,15633785	34,99	32%
20229	15,82644628	8,495955	3,39	9,540765	37,25316628	54,99	17,73683372	54,99	32%
20250	19,75	7,414455	3,39	8,326265	38,88072	47,99	21,10928	59,99	35%
20260	6,8	3,088455	3,39	3,468265	16,74672	19,99	8,24328	24,99	33%
20265	31	10,815	3,39	12,145	57,35	70	32,39	89,74	36%
20270	17	6,178455	3,39	6,938265	33,50672	39,99	16,48328	49,99	33%
21920	2,272727273	0,824175	3,39	1,733265	8,220167273	9,99	1,769832727	9,99	18%
21950	0,495867769	1,234455	3,39	1,386265	6,506587769	7,99	1,483412231	7,99	19%
21961	0,826446281	1,12917	3,39	1,473015	6,818631281	8,49	1,671368719	8,49	20%
21961b	0,826446281	1,311705	3,39	1,473015	7,001166281	8,49	1,488833719	8,49	18%
21962	0,826446281	0,925455	3,39	1,039265	6,181166281	5,99	-0,191166281	5,99	-3%
21973	0,826446281	1,543455	3,39	1,733265	7,493166281	9,99	2,496833719	9,99	25%
21981	0,619834711	1,543455	3,39	1,733265	7,286554711	9,99	2,703445289	9,99	27%
21982	0,826446281	1,543455	3,39	1,733265	7,493166281	9,99	2,496833719	9,99	25%
21983	0,826446281	1,543455	3,39	1,733265	7,493166281	9,99	2,496833719	9,99	25%
21991	0,826446281	1,234455	3,39	1,386265	6,837166281	7,99	1,152833719	7,99	14%
21992	0,826446281	1,543455	3,39	1,733265	7,493166281	9,99	2,496833719	9,99	25%
22106	0,826446281	0,576675	3,39	1,212765	6,005886281	6,99	0,984113719	6,99	14%
25031	2,396694215	2,45655	3,39	2,75865	11,00189421	15,9	4,898105785	15,9	31%
25032	2,892561983	2,618775	3,39	2,940825	11,84216198	16,95	5,107838017	16,95	30%
25033	3,305785124	2,76555	3,39	3,10565	12,56698512	17,9	5,333014876	17,9	30%
25034	4,132231405	3,088455	3,39	3,468265	14,0789514	19,99	5,911048595	19,99	30%
25035	6,859504132	4,324455	3,39	4,856265	19,43022413	27,99	8,559775868	27,99	31%
25051	6,198347107	3,860955	3,39	4,335765	17,78506711	24,99	7,204932893	24,99	29%
25052	7,438016529	4,633455	3,39	5,203265	20,66473653	29,99	9,325263471	29,99	31%
25053	8,884297521	5,405955	3,39	6,070765	23,75101752	34,99	11,23898248	34,99	32%
30061	1,776859504	1,543455	3,39	1,733265	8,443579504	9,99	1,546420496	9,99	15%
99921	0,826446281	1,079955	3,39	1,212765	6,509166281	6,99	0,480833719	6,99	7%
99922	1,487603306	1,852455	3,39	2,080265	8,810323306	11,99	3,179676694	11,99	27%
99923	2,975206612	2,779455	3,39	3,121265	12,26592661	17,99	5,724073388	17,99	32%
815500	5,371900826	3,088455	3,39	3,468265	15,31862083	19,99	4,671379174	19,99	23%
15015-12	6,404958678	3,088455	3,39	3,468265	16,35167868	19,99	3,638321322	19,99	18%
15015-6	2,479338843	1,543455	3,39	1,733265	9,146058843	9,99	0,843941157	9,99	8%
20023-12	3,966942149	2,933955	3,39	3,294765	13,58566215	18,99	5,404337851	18,99	28%
20023-6	1,983471074	1,852455	3,39	2,080265	9,306191074	11,99	2,683808926	11,99	22%
20200_ALIEXPRESS	2,685950413	5,85	3,39	2,947765	14,87371541	16,99	2,116284587	16,99	12%
22105-6	1,652892562	0,906675	3,39	1,906765	7,856332562	10,99	3,133667438	10,99	29%
30060-20780	2,727272727	2,408655	3,39	2,704865	11,23079273	15,59	4,359207273	15,59	28%
SARTEN 20CM	5,075	2,315955	3,3	2,600765	13,29172	14,99	1,69828	14,99	11%
SARTEN 22CM	5,55	2,779455	4	3,14825	15,477705	17,99	2,512295	17,99	14%
SARTEN 24CM	6,05	3,088455	4	3,49825	16,636705	19,99	3,353295	19,99	17%
SARTEN26CM	6,264	3,397455	4	3,84825	17,509705	21,99	4,480295	21,99	20%
SARTEN28CM	6,828	3,706455	4	4,19825	18,732705	23,99	5,257295	23,99	22%
SARTEN 24CM WOK	8,16	3,551955	4	4,02325	19,735205	22,99	3,254795	22,99	14%
SARTEN 26CM WOK	9,12	3,860955	4	4,37325	21,354205	24,99	3,635795	24,99	15%
SARTEN 28CM WOK	10,08	4,633455	4	5,24825	23,961705	29,99	6,028295	29,99	20%
PACK 20+24	11,125	4,169955	4	4,682765	23,97772	26,99	3,01228	26,99	11%
PACK 24+28	12,878	4,633455	4	5,203265	26,71472	29,99	3,27528	29,99	11%
PACK 20+24+28	17,953	6,178455	4	6,938265	35,06972	39,99	4,92028	39,99	12%
19301	12	5,405955	3,3	6,070765	26,77672	34,99	10,31	34,99	29%
19302	10	4,633455	3,3	5,203265	23,13672	29,99	8,60	29,99	29%
19303	7	3,088455	3,3	3,468265	16,85672	19,99	4,36	19,99	22%
19304	3,12	2,006955	3,3	2,253765	10,68072	12,99	2,86	12,99	22%
19305	4	2,315955	3,3	2,600765	12,21672	14,99	3,47	14,99	23%
20251	23,05	7,723455	4	8,673265	43,44672	49,99	10,58	49,99	21%
20271	20,3	6,950955	4	7,805765	39,05672	44,99	9,49	44,99	21%
20250_SC	14,25	6,950955	4	7,805765	33,00672	44,99	14,48	44,99	32%
11012_24	5,52	3,088455	2,8	3,468265	14,87672	19,99	6,08	19,99	30%
11012_12	2,76	2,006955	2,8	2,253765	9,82072	12,99	3,65	12,99	28%
11012_6	1,38	1,543455	2,8	1,733265	7,45672	9,99	2,77	9,99	28%
28018	15	2,4291	3	4,682765	25,111865	26,99	4,50	26,99	17%
28001	5	1,3491	3	2,600765	11,949865	14,99	3,92	14,99	26%
28003	5	1,3491	3	2,600765	11,949865	14,99	3,92	14,99	26%
28005	5	1,3491	3	2,600765	11,949865	14,99	3,92	14,99	26%
28007	15	3,1491	3,3	6,070765	27,519865	34,99	10,10	34,99	29%
28009	30	5,3991	4	10,408265	49,807365	59,99	15,43	59,99	26%
