SKU_COSTE	COSTE	FBA_HEREDADA_DE	NOTA
20200	3.66	20200	actualiza el coste anterior (3,31 / 3,64)
20253	19.75	20250	= 20250
20290	31.00	20265	= 20265
20280	-	-	DESCATALOGADO
27000	20.55	-	
27001	20.55	-	
27007	4.40	-	
27016	5.75	-	
15015	6.36	15015-12	0,53 x 12
2020CUP	3.66	20200	= 20200
SC_20250	14.25	20250_SC	coincide con la fila 20250_SC ya existente
SC_20260	-	-	DESCATALOGADO
SC_20270	11.50	20270	
21920AM	2.37	21920	
26110	2.24	-	
26111	2.57	-	ojo: escribiste "2611", asumo 26111
26112	3.04	-	
26113	3.41	-	
22021	1.74	-	
22022	2.03	-	
22023	2.30	-	
22024	2.50	-	
22105-22106	1.71	22105-6	cubre F22105-22106, 22105y22106, 22105+22106pack
A27000	20.55	-	= 27000 segun indicas (ojo: es el Ventilador, no los Cuchillos Ninos)
99901_24pzs	2.85	-	
99901_12pzs	1.45	-	
20265_SC	23.00	20265	
22121	2.20	-	
